"Time (s)","Latitude (°)","Longitude (°)","Height (m)","Velocity (m/s)","Direction (°)","Horizontal Accuracy (m)","Vertical Accuracy (m)"
0.000000000E0,6.501065080E1,2.547070390E1,NaN,NaN,NaN,8.000000000E2,0.000000000E0
1.426861430E-1,6.501060780E1,2.546640150E1,8.633925652E0,NaN,NaN,1.197200012E1,1.464684725E0
4.702273644E0,6.501061096E1,2.546636684E1,6.976756425E1,0.000000000E0,NaN,9.007459641E0,3.915635300E1
5.704063592E0,6.501058339E1,2.546642680E1,1.536230550E1,0.000000000E0,NaN,1.612217903E1,4.235034180E1
5.910130258E0,6.501059325E1,2.546640698E1,8.129695376E0,2.399999946E-1,3.497999878E2,1.511092186E1,2.734008598E1
6.909447862E0,6.501058636E1,2.546641537E1,5.864012557E0,0.000000000E0,NaN,1.587452984E1,2.689072418E1
7.909583643E0,6.501059166E1,2.546644501E1,1.170129285E1,0.000000000E0,NaN,1.416746235E1,2.257246399E1
8.911606611E0,6.501058708E1,2.546643543E1,1.215832519E1,0.000000000E0,NaN,1.265985584E1,1.934650803E1
9.909545257E0,6.501058393E1,2.546641281E1,9.536498661E0,0.000000000E0,NaN,1.153922176E1,1.759771156E1
1.090981515E1,6.501057688E1,2.546639167E1,9.468079490E0,0.000000000E0,NaN,1.068627834E1,1.609224319E1
1.191030296E1,6.501058125E1,2.546640152E1,8.458984259E0,0.000000000E0,NaN,1.068108082E1,1.579151154E1
1.290970906E1,6.501058263E1,2.546637984E1,7.717283016E0,0.000000000E0,NaN,1.055820274E1,1.543809509E1
1.390987458E1,6.501058908E1,2.546636152E1,8.753778307E0,0.000000000E0,NaN,1.018684673E1,1.475670052E1
1.490993984E1,6.501059730E1,2.546634819E1,1.102263410E1,0.000000000E0,NaN,9.985768318E0,1.430642605E1
1.590920031E1,6.501060112E1,2.546634778E1,1.316569902E1,0.000000000E0,NaN,1.001854610E1,1.427888012E1
1.690948208E1,6.501060389E1,2.546634626E1,1.608775596E1,0.000000000E0,NaN,1.018006039E1,1.407339954E1
1.790893468E1,6.501060944E1,2.546634372E1,1.834379614E1,0.000000000E0,NaN,1.081470299E1,1.457181644E1
1.890863921E1,6.501061641E1,2.546633724E1,1.990623199E1,0.000000000E0,NaN,1.050579834E1,1.408970642E1
1.990956645E1,6.501061936E1,2.546633797E1,2.200217818E1,0.000000000E0,NaN,1.097446728E1,1.435479546E1
2.090856202E1,6.501062590E1,2.546632880E1,2.304074926E1,0.000000000E0,NaN,1.251719666E1,1.489196587E1
2.190959150E1,6.501061877E1,2.546633302E1,2.291251742E1,0.000000000E0,NaN,1.466575527E1,1.528195953E1
2.291030520E1,6.501063206E1,2.546632392E1,2.430966747E1,0.000000000E0,NaN,1.198011589E1,1.459795284E1
2.390913103E1,6.501063904E1,2.546631913E1,2.607028458E1,0.000000000E0,NaN,1.075768375E1,1.330964375E1
2.490930848E1,6.501064290E1,2.546632952E1,2.752762025E1,0.000000000E0,NaN,1.091839314E1,1.356624222E1
2.590972280E1,6.501064241E1,2.546632093E1,2.601565695E1,1.799999952E0,2.592999878E2,1.082104778E1,1.350910759E1
2.690982009E1,6.501065469E1,2.546632011E1,2.679409458E1,9.599999785E-1,3.071000061E2,1.112846947E1,1.394623280E1
2.790926285E1,6.501066174E1,2.546629542E1,2.688063803E1,9.700000286E-1,2.847999878E2,1.103800201E1,1.397244072E1
2.890973608E1,6.501067238E1,2.546628061E1,2.881074768E1,1.159999967E0,3.083999939E2,1.100656223E1,1.395092106E1
2.990886671E1,6.501068739E1,2.546627346E1,3.070869066E1,1.070000052E0,3.120000000E2,1.063632298E1,1.348987198E1
3.090877093E1,6.501069983E1,2.546625517E1,3.160230035E1,1.370000005E0,2.892999878E2,1.034875584E1,1.315462399E1
3.190955228E1,6.501071041E1,2.546624399E1,3.227002014E1,9.900000095E-1,2.996000061E2,1.047415066E1,1.325738335E1
3.291086978E1,6.501071983E1,2.546624441E1,3.297716988E1,7.300000191E-1,3.091000061E2,1.033290958E1,1.255213261E1
3.391246853E1,6.501072794E1,2.546623976E1,3.464916353E1,7.099999785E-1,2.962000122E2,1.060992718E1,1.251228142E1
3.491431994E1,6.501073648E1,2.546622807E1,3.581261160E1,8.799999952E-1,2.915000000E2,1.119810104E1,1.211640453E1
3.591214092E1,6.501074836E1,2.546620459E1,3.675822311E1,1.149999976E0,2.930000000E2,1.157866287E1,1.233190727E1
3.690969124E1,6.501074876E1,2.546617277E1,3.081705864E1,1.019999981E0,2.878999939E2,1.033553123E1,1.179281712E1
3.791198144E1,6.501073753E1,2.546612875E1,2.660349789E1,1.110000014E0,2.690000000E2,9.502022743E0,1.112312794E1
3.891365618E1,6.501072483E1,2.546608970E1,2.463200347E1,9.599999785E-1,2.731000061E2,8.843811035E0,1.059208584E1
3.991455868E1,6.501071469E1,2.546605562E1,2.371489073E1,8.899999857E-1,2.762000122E2,8.548404694E0,1.028849411E1
4.090906545E1,6.501070976E1,2.546603455E1,2.274296734E1,7.099999785E-1,2.848999939E2,8.135034561E0,9.818986893E0
4.191181592E1,6.501070737E1,2.546602086E1,2.274424905E1,5.600000024E-1,2.782000122E2,7.846858501E0,9.415792465E0
4.291159894E1,6.501069916E1,2.546601044E1,1.983403418E1,0.000000000E0,NaN,7.831431389E0,9.149281502E0
4.391327285E1,6.501070296E1,2.546600341E1,1.959086818E1,0.000000000E0,NaN,8.175232887E0,9.350067139E0
4.491483118E1,6.501071158E1,2.546600394E1,1.909776189E1,0.000000000E0,NaN,8.330783844E0,9.340845108E0
4.591323477E1,6.501071988E1,2.546601141E1,1.880741499E1,0.000000000E0,NaN,8.247888565E0,9.091419220E0
4.691414306E1,6.501072597E1,2.546601598E1,1.888382899E1,0.000000000E0,NaN,8.308240891E0,9.040816307E0
4.791597956E1,6.501073433E1,2.546602205E1,1.885349173E1,0.000000000E0,NaN,8.247583389E0,8.878655434E0
4.891575149E1,6.501073881E1,2.546602372E1,1.893802382E1,0.000000000E0,NaN,7.872666836E0,8.415205956E0
4.991541561E1,6.501074284E1,2.546601711E1,1.902194516E1,0.000000000E0,NaN,7.379022121E0,7.879958630E0
5.090961790E1,6.501074482E1,2.546601078E1,1.939676086E1,0.000000000E0,NaN,7.295720577E0,7.745201588E0
5.191252920E1,6.501074327E1,2.546600085E1,1.947549612E1,0.000000000E0,NaN,7.169261456E0,7.473931789E0
5.291008191E1,6.501074745E1,2.546598327E1,2.015634047E1,8.899999857E-1,3.048999939E2,6.948872566E0,7.197981834E0
5.391040456E1,6.501075488E1,2.546595645E1,2.022158235E1,1.320000052E0,3.042000122E2,6.819762707E0,7.101817131E0
5.491272654E1,6.501075932E1,2.546593133E1,1.996224054E1,9.499999881E-1,2.977999878E2,6.760868073E0,7.102182865E0
5.591121711E1,6.501075711E1,2.546590091E1,2.000032522E1,1.059999943E0,2.871000061E2,6.886846542E0,7.347006321E0
5.691768118E1,6.501076175E1,2.546587797E1,1.933400105E1,1.210000038E0,3.158999939E2,6.453093052E0,7.156175613E0
5.791341774E1,6.501076426E1,2.546586171E1,1.933729486E1,1.049999952E0,3.102999878E2,6.625577450E0,7.380878925E0
5.891297118E1,6.501076735E1,2.546584639E1,1.981263442E1,9.800000191E-1,3.117000122E2,6.692282677E0,7.688505173E0
5.990893003E1,6.501077349E1,2.546582770E1,2.015729630E1,9.700000286E-1,3.076000061E2,6.856459618E0,8.104585648E0
6.090989690E1,6.501078188E1,2.546581233E1,1.959528030E1,9.700000286E-1,3.203999939E2,7.169719696E0,8.664575577E0
6.191326753E1,6.501079059E1,2.546578863E1,1.932903997E1,1.000000000E0,3.043999939E2,7.361492634E0,9.135074615E0
6.291210904E1,6.501079928E1,2.546576222E1,1.901793863E1,9.700000286E-1,3.023999939E2,7.351590633E0,9.352626801E0
6.391931930E1,6.501080637E1,2.546573617E1,1.947142532E1,1.039999962E0,2.938999939E2,7.015637398E0,9.028377533E0
6.491324357E1,6.501081419E1,2.546571737E1,1.970109631E1,1.039999962E0,3.062000122E2,7.068127632E0,9.035378456E0
6.591231274E1,6.501082271E1,2.546569458E1,1.925150651E1,1.100000024E0,3.086000061E2,6.918550491E0,9.100742340E0
6.691172440E1,6.501082694E1,2.546567194E1,1.943930850E1,1.149999976E0,2.847999878E2,7.093183517E0,9.426626205E0
6.791176987E1,6.501083314E1,2.546564643E1,1.913150406E1,1.159999967E0,2.982999878E2,6.930683613E0,9.432115555E0
6.891316398E1,6.501084125E1,2.546562260E1,1.884945585E1,1.100000024E0,3.047999878E2,6.953254700E0,9.504841805E0
6.991401450E1,6.501084863E1,2.546559811E1,1.891817691E1,1.129999995E0,3.062999878E2,6.840187550E0,9.400735855E0
7.092081575E1,6.501085365E1,2.546557322E1,1.887843937E1,1.139999986E0,2.863999939E2,6.704543591E0,9.256689072E0
7.191368695E1,6.501086184E1,2.546554607E1,1.859034842E1,1.210000038E0,3.045000000E2,6.901484013E0,9.484602928E0
7.291265565E1,6.501086738E1,2.546552249E1,1.888227581E1,1.159999967E0,2.902999878E2,7.190318108E0,9.671346664E0
7.391521002E1,6.501087034E1,2.546549666E1,1.989173334E1,1.200000048E0,2.697000122E2,7.030889034E0,9.782657623E0
7.491365565E1,6.501088033E1,2.546547571E1,2.011676468E1,1.350000024E0,3.087999878E2,6.902297020E0,9.661139488E0
7.591325992E1,6.501088660E1,2.546545342E1,2.032446337E1,1.120000005E0,2.955000000E2,6.856666088E0,9.595386505E0
7.691129487E1,6.501089216E1,2.546543057E1,1.996697674E1,1.100000024E0,2.883999939E2,6.759771824E0,9.420384407E0
7.791533804E1,6.501089461E1,2.546540727E1,2.029631989E1,1.149999976E0,2.716000061E2,6.988596439E0,9.559247017E0
7.891289513E1,6.501089939E1,2.546538424E1,2.037462457E1,1.120000005E0,2.790000000E2,7.136584759E0,9.952962875E0
7.991341716E1,6.501090440E1,2.546535791E1,2.104771652E1,1.139999986E0,2.715000000E2,7.167015076E0,1.016347027E1
8.090871966E1,6.501091174E1,2.546533331E1,2.112534872E1,1.159999967E0,2.822999878E2,7.353826046E0,1.053181934E1
8.191283742E1,6.501091982E1,2.546531157E1,2.083268054E1,1.129999995E0,2.897000122E2,7.311326027E0,1.041025829E1
8.291311523E1,6.501092622E1,2.546529148E1,2.125107269E1,1.120000005E0,2.893999939E2,7.268905640E0,1.024006462E1
8.391262445E1,6.501093429E1,2.546526916E1,2.085281365E1,1.169999957E0,2.947999878E2,7.060811043E0,9.980550766E0
8.490996174E1,6.501094342E1,2.546524195E1,2.173031071E1,1.190000057E0,2.977999878E2,6.607153893E0,9.355871201E0
8.591390835E1,6.501095178E1,2.546521167E1,2.136232444E1,1.179999948E0,2.897999878E2,5.984885693E0,8.391003609E0
8.691464340E1,6.501096276E1,2.546518256E1,2.210645884E1,1.200000048E0,2.978999939E2,5.261315823E0,7.622632504E0
8.791431929E1,6.501097436E1,2.546515728E1,2.262354248E1,1.179999948E0,2.968999939E2,4.978466511E0,7.207308769E0
8.891520768E1,6.501098347E1,2.546513019E1,2.328723339E1,1.179999948E0,2.906000061E2,4.744567871E0,7.174245834E0
8.991370481E1,6.501099332E1,2.546510475E1,2.366405890E1,1.259999990E0,3.003999939E2,4.532122135E0,6.893097401E0
9.091427726E1,6.501100346E1,2.546507938E1,2.399345999E1,1.230000019E0,2.947000122E2,4.501315594E0,6.821185112E0
9.191413444E1,6.501101419E1,2.546505334E1,2.438139352E1,1.259999990E0,3.017000122E2,4.425796509E0,6.748341560E0
9.291495366E1,6.501102349E1,2.546502527E1,2.489383917E1,1.259999990E0,2.916000061E2,4.540843964E0,6.740849495E0
9.391136309E1,6.501103534E1,2.546499396E1,2.571414495E1,1.360000014E0,3.037999878E2,4.389396667E0,6.572444916E0
9.491294012E1,6.501104564E1,2.546496052E1,2.635921925E1,1.379999995E0,3.028999939E2,4.402782917E0,6.515964031E0
9.590960210E1,6.501105445E1,2.546492383E1,2.692616888E1,1.409999967E0,2.966000061E2,4.357060909E0,6.377519608E0
9.691428559E1,6.501105964E1,2.546488916E1,2.737062249E1,1.340000033E0,2.931000061E2,4.432690144E0,6.165931702E0
9.791394199E1,6.501106538E1,2.546485300E1,2.612464610E1,1.429999948E0,3.027999878E2,4.215554237E0,5.886233807E0
9.891277897E1,6.501107328E1,2.546482039E1,2.549854217E1,1.360000014E0,3.057000122E2,4.210674286E0,5.846957684E0
9.991365574E1,6.501108186E1,2.546479178E1,2.545843679E1,1.370000005E0,3.010000000E2,4.377282143E0,6.045454025E0
1.009084695E2,6.501109137E1,2.546476503E1,2.515105823E1,1.370000005E0,2.982000122E2,4.430948257E0,6.219695568E0
1.019141461E2,6.501110225E1,2.546474305E1,2.392857938E1,1.419999957E0,3.007999878E2,4.170412540E0,5.920154095E0
1.029135498E2,6.501111562E1,2.546472321E1,2.339024279E1,1.399999976E0,3.042999878E2,4.113705158E0,5.760231972E0
1.039145411E2,6.501112902E1,2.546470205E1,2.269931821E1,1.419999957E0,3.082000122E2,4.061590672E0,5.546022415E0
1.049138563E2,6.501114099E1,2.546467703E1,2.185470738E1,1.409999967E0,3.050000000E2,4.172055721E0,5.463340759E0
1.059095217E2,6.501115508E1,2.546465269E1,2.089046688E1,1.429999948E0,3.107999878E2,4.263524532E0,5.609668732E0
1.069115435E2,6.501116837E1,2.546463443E1,1.971522857E1,1.419999957E0,3.115000000E2,4.352674007E0,5.845166683E0
1.079131313E2,6.501118025E1,2.546461670E1,1.943501037E1,1.409999967E0,3.086000061E2,4.280559063E0,5.887179375E0
1.089105344E2,6.501119058E1,2.546459510E1,1.919153566E1,1.509999990E0,3.003999939E2,4.130582333E0,5.583472252E0
1.099155514E2,6.501120104E1,2.546457854E1,1.732782200E1,1.440000057E0,3.025000000E2,4.079198837E0,5.371785164E0
1.109143438E2,6.501121122E1,2.546455659E1,1.675555093E1,1.460000038E0,2.986000061E2,4.034641743E0,5.239385605E0
1.119143137E2,6.501122288E1,2.546453083E1,1.649730492E1,1.450000048E0,3.018999939E2,4.225141525E0,5.386598587E0
1.129119243E2,6.501123478E1,2.546451006E1,1.703398103E1,1.450000048E0,3.062000122E2,4.327000141E0,5.582868576E0
1.139132596E2,6.501124368E1,2.546448961E1,1.556193029E1,1.440000057E0,3.062999878E2,4.405998230E0,5.834382534E0
1.149098716E2,6.501125507E1,2.546446653E1,1.598215135E1,1.450000048E0,3.061000061E2,4.375000954E0,5.978170872E0
1.159145080E2,6.501126480E1,2.546444426E1,1.495370368E1,1.460000038E0,2.948999939E2,4.116296291E0,5.628213882E0
1.169138141E2,6.501127303E1,2.546442492E1,1.476967818E1,1.440000057E0,3.025000000E2,4.198970795E0,5.594680786E0
1.179147062E2,6.501128238E1,2.546440396E1,1.569423367E1,1.440000057E0,3.078999939E2,4.169399261E0,5.561907291E0
1.189132187E2,6.501129325E1,2.546438710E1,1.567939678E1,1.360000014E0,3.097999878E2,3.953020096E0,5.325772285E0
1.199114821E2,6.501130371E1,2.546436063E1,1.641620732E1,1.440000057E0,3.097000122E2,4.079432964E0,5.468275547E0
1.209111538E2,6.501131313E1,2.546433301E1,1.678912658E1,1.429999948E0,3.076000061E2,4.108127117E0,5.614118576E0
1.219133001E2,6.501132116E1,2.546430316E1,1.680584505E1,1.429999948E0,3.046000061E2,4.317993164E0,6.116066933E0
1.229130506E2,6.501132577E1,2.546426849E1,1.808214701E1,1.379999995E0,2.995000000E2,4.260486126E0,6.369405746E0
1.239110572E2,6.501132253E1,2.546421915E1,1.746538457E1,1.419999957E0,2.938999939E2,4.316446781E0,6.407854080E0
1.249144717E2,6.501131899E1,2.546417263E1,1.626671326E1,1.440000057E0,2.975000000E2,4.093031883E0,6.093222141E0
1.259145923E2,6.501131816E1,2.546412420E1,1.639268676E1,1.600000024E0,3.003999939E2,3.942244768E0,5.602396488E0
1.269142625E2,6.501132043E1,2.546407891E1,1.687351770E1,1.570000052E0,3.015000000E2,3.877520084E0,5.276562214E0
1.279151544E2,6.501132179E1,2.546403571E1,1.628019141E1,1.509999990E0,3.001000061E2,3.790092468E0,4.883734703E0
1.289094498E2,6.501132339E1,2.546399870E1,1.573966088E1,1.470000029E0,3.022000122E2,3.790092468E0,4.490820408E0
1.299096078E2,6.501132470E1,2.546396644E1,1.454086662E1,1.440000057E0,3.027999878E2,3.790092468E0,4.436184883E0
1.309135228E2,6.501132699E1,2.546393294E1,1.319644202E1,1.539999962E0,3.115000000E2,3.790092468E0,4.138118267E0
1.319142032E2,6.501133009E1,2.546390126E1,1.297225649E1,1.419999957E0,3.081000061E2,3.790092468E0,4.046058178E0
1.329141191E2,6.501133362E1,2.546387552E1,1.293471672E1,1.399999976E0,3.127000122E2,3.790092468E0,4.106045246E0
1.339157520E2,6.501133797E1,2.546385133E1,1.228896141E1,1.470000029E0,3.127000122E2,3.790092468E0,3.907353640E0
1.349121634E2,6.501134063E1,2.546382524E1,1.168501570E1,1.440000057E0,2.993999939E2,3.790092468E0,3.675076008E0
1.359100442E2,6.501134377E1,2.546379781E1,1.142652869E1,1.460000038E0,2.992000122E2,3.790092468E0,3.518165350E0
1.369146467E2,6.501135054E1,2.546377172E1,1.158222495E1,1.500000000E0,3.082999878E2,3.790092468E0,3.416056156E0
1.379138302E2,6.501135695E1,2.546374183E1,1.143262323E1,1.580000043E0,3.015000000E2,3.790092468E0,3.170810938E0
1.389136772E2,6.501136169E1,2.546371076E1,1.092651573E1,1.490000010E0,2.951000061E2,3.790092468E0,3.033515453E0
1.399143171E2,6.501136852E1,2.546368525E1,1.078722909E1,1.580000043E0,3.047000122E2,3.790092468E0,3.081035376E0
1.409121167E2,6.501137803E1,2.546366007E1,1.071623979E1,1.590000033E0,3.067999878E2,3.790092468E0,3.259248018E0
1.419113355E2,6.501138810E1,2.546363757E1,1.061857810E1,1.519999981E0,3.163999939E2,3.790092468E0,3.551571131E0
1.429121403E2,6.501139770E1,2.546361603E1,1.071659536E1,1.509999990E0,3.143999939E2,3.790092468E0,3.926974773E0
1.439117792E2,6.501140919E1,2.546359869E1,1.065366248E1,1.519999981E0,3.212999878E2,3.790092468E0,4.422741890E0
1.449141122E2,6.501141876E1,2.546357515E1,1.108682366E1,1.500000000E0,3.115000000E2,3.790092468E0,4.673792362E0
1.459134900E2,6.501142730E1,2.546355142E1,1.118728258E1,1.490000010E0,3.061000061E2,3.790092468E0,4.768263340E0
1.469135412E2,6.501144282E1,2.546353972E1,1.085756388E1,1.889999986E0,3.446000061E2,3.859521866E0,5.109788418E0
1.479131531E2,6.501145314E1,2.546351385E1,1.101338085E1,1.649999976E0,3.150000000E2,3.874874592E0,5.496889114E0
1.489121356E2,6.501145851E1,2.546348590E1,1.151716102E1,1.490000010E0,3.036000061E2,3.813234329E0,5.294047832E0
1.499109978E2,6.501146313E1,2.546346255E1,1.093762880E1,1.450000048E0,3.060000000E2,3.790092468E0,4.685471058E0
1.509141149E2,6.501146768E1,2.546343626E1,1.097156076E1,1.480000019E0,2.991000061E2,3.790092468E0,4.404668331E0
1.519134987E2,6.501147211E1,2.546341162E1,1.020562716E1,1.460000038E0,3.027000122E2,3.790092468E0,4.083571911E0
1.529128161E2,6.501147843E1,2.546338744E1,1.027538622E1,1.470000029E0,3.068999939E2,3.790092468E0,3.871930838E0
1.539132000E2,6.501148503E1,2.546335998E1,1.072521086E1,1.440000057E0,2.996000061E2,3.790092468E0,4.039570808E0
1.549134245E2,6.501149282E1,2.546333258E1,1.051817470E1,1.419999957E0,3.010000000E2,3.790092468E0,4.199654102E0
1.559131819E2,6.501149863E1,2.546330629E1,1.065318039E1,1.409999967E0,2.951000061E2,3.790092468E0,4.214400768E0
1.569139270E2,6.501150440E1,2.546327870E1,9.395852024E0,1.429999948E0,2.985000000E2,3.790092468E0,4.020199299E0
1.579134649E2,6.501150859E1,2.546324809E1,9.563023566E0,1.409999967E0,3.000000000E2,3.790092468E0,3.802960634E0
1.589120441E2,6.501150959E1,2.546321319E1,9.738618889E0,1.340000033E0,3.026000061E2,3.790092468E0,3.785332441E0
1.599233506E2,6.501151211E1,2.546318306E1,9.127959077E0,1.429999948E0,3.146000061E2,3.790092468E0,3.740855694E0
1.609148301E2,6.501151888E1,2.546315776E1,8.930200795E0,1.389999986E0,3.142999878E2,3.790092468E0,3.571338415E0
1.619127937E2,6.501152691E1,2.546313038E1,8.967732410E0,1.480000019E0,3.223999939E2,3.790092468E0,3.264812708E0
1.629146039E2,6.501153450E1,2.546310550E1,8.852859583E0,1.409999967E0,3.107000122E2,3.790092468E0,3.159876585E0
1.639121027E2,6.501154568E1,2.546307885E1,8.366952534E0,1.440000057E0,3.191000061E2,3.790092468E0,3.176867247E0
1.649097320E2,6.501155404E1,2.546305040E1,7.369999082E0,1.419999957E0,3.032000122E2,3.790092468E0,3.039935112E0
1.659116852E2,6.501156300E1,2.546302444E1,7.803648600E0,1.419999957E0,3.051000061E2,3.790092468E0,2.885129213E0
1.669128966E2,6.501157181E1,2.546299829E1,8.471306951E0,1.399999976E0,3.007000122E2,3.790092468E0,2.794004679E0
1.679144822E2,6.501157751E1,2.546297161E1,7.254689120E0,1.419999957E0,2.992999878E2,3.790092468E0,2.612064600E0
1.689141054E2,6.501158251E1,2.546294333E1,6.716110998E0,1.450000048E0,2.953999939E2,3.790092468E0,2.500000000E0
1.699225751E2,6.501159028E1,2.546291616E1,5.815898584E0,1.409999967E0,3.015000000E2,3.790092468E0,2.500000000E0
1.709133374E2,6.501159658E1,2.546288680E1,5.597083068E0,1.409999967E0,3.050000000E2,3.790092468E0,2.500000000E0
1.719130862E2,6.501160562E1,2.546286455E1,5.053865136E0,1.250000000E0,3.152999878E2,3.790092468E0,2.500000000E0
1.729132626E2,6.501161561E1,2.546284107E1,4.479885033E0,1.429999948E0,3.172000122E2,3.790092468E0,2.500000000E0
1.739144456E2,6.501162666E1,2.546281976E1,4.185506723E0,1.429999948E0,3.222000122E2,3.790092468E0,2.500000000E0
1.749094367E2,6.501163518E1,2.546279284E1,4.486771087E0,1.509999990E0,3.025000000E2,3.790092468E0,2.500000000E0
1.759120647E2,6.501164280E1,2.546276857E1,4.751720064E0,1.409999967E0,3.062000122E2,3.790092468E0,2.500000000E0
1.769098011E2,6.501165175E1,2.546274738E1,4.588812298E0,1.389999986E0,3.150000000E2,3.790092468E0,2.500000000E0
1.779108510E2,6.501166164E1,2.546272633E1,4.677369022E0,1.409999967E0,3.167000122E2,3.790092468E0,2.500000000E0
1.789132648E2,6.501167152E1,2.546271169E1,4.493160086E0,1.309999943E0,3.267000122E2,3.790092468E0,2.500000000E0
1.799146707E2,6.501168265E1,2.546269565E1,4.326162483E0,1.429999948E0,3.287999878E2,3.790092468E0,2.500000000E0
1.809114997E2,6.501169331E1,2.546267800E1,4.261948151E0,1.429999948E0,3.305000000E2,3.790092468E0,2.500000000E0
1.819118856E2,6.501170366E1,2.546266169E1,4.578532372E0,1.399999976E0,3.337999878E2,3.790092468E0,2.500000000E0
1.829113702E2,6.501171569E1,2.546264324E1,4.678624096E0,1.440000057E0,3.315000000E2,3.790092468E0,2.500000000E0
1.839140422E2,6.501172733E1,2.546262580E1,5.027068091E0,1.409999967E0,3.317000122E2,3.790092468E0,2.500000000E0
1.849145331E2,6.501173731E1,2.546260680E1,5.864831465E0,1.409999967E0,3.272999878E2,3.790092468E0,2.511132717E0
1.859130350E2,6.501175003E1,2.546258948E1,5.038897610E0,1.509999990E0,3.373999939E2,3.790092468E0,2.564566374E0
1.869146297E2,6.501176072E1,2.546257001E1,5.284741731E0,1.370000005E0,3.377999878E2,3.790092468E0,2.500000000E0
1.879121589E2,6.501177453E1,2.546254741E1,5.084051226E0,1.649999976E0,3.295000000E2,3.790092468E0,2.658674955E0
1.889098773E2,6.501178863E1,2.546252995E1,5.128295050E0,1.509999990E0,3.407000122E2,3.790092468E0,2.618226528E0
1.899137640E2,6.501180136E1,2.546251006E1,5.074272630E0,1.490000010E0,3.257999878E2,3.790092468E0,2.770237923E0
1.909136890E2,6.501181308E1,2.546248821E1,5.304430150E0,1.580000043E0,3.237000122E2,3.790092468E0,2.723345280E0
1.919136277E2,6.501182430E1,2.546246157E1,5.529582644E0,1.590000033E0,3.212000122E2,3.790092468E0,2.592445135E0
1.929138499E2,6.501183512E1,2.546244093E1,4.918432002E0,1.429999948E0,3.260000000E2,3.790092468E0,2.500000000E0
1.939091275E2,6.501184561E1,2.546242903E1,3.872223505E0,1.440000057E0,3.117999878E2,3.790092468E0,2.500000000E0
1.949130476E2,6.501185675E1,2.546241646E1,3.414820863E0,1.440000057E0,3.135000000E2,3.790092468E0,2.500000000E0
1.959133683E2,6.501186665E1,2.546239765E1,3.162374316E0,1.429999948E0,3.135000000E2,3.790092468E0,2.500000000E0
1.969161675E2,6.501187577E1,2.546237655E1,3.241226738E0,1.470000029E0,3.173999939E2,3.790092468E0,2.701274157E0
1.979137455E2,6.501188680E1,2.546235717E1,2.540293387E0,1.470000029E0,3.275000000E2,3.790092468E0,2.895504713E0
1.989140224E2,6.501189637E1,2.546233392E1,2.393132299E0,1.480000019E0,3.163999939E2,3.790092468E0,3.076872826E0
1.999141317E2,6.501190454E1,2.546230693E1,2.618102838E0,1.580000043E0,3.092000122E2,3.790092468E0,3.049463272E0
2.009090982E2,6.501191475E1,2.546228489E1,2.559991881E0,1.460000038E0,3.170000000E2,3.790092468E0,3.236426830E0
2.019096999E2,6.501192389E1,2.546225917E1,2.835071996E0,1.480000019E0,3.098999939E2,3.790092468E0,3.504841328E0
2.029114528E2,6.501193313E1,2.546223600E1,3.183028228E0,1.470000029E0,3.173999939E2,3.790092468E0,3.559581757E0
2.039138688E2,6.501194237E1,2.546221014E1,3.514016497E0,1.480000019E0,3.126000061E2,3.790092468E0,3.816241741E0
2.049291532E2,6.501194535E1,2.546217492E1,3.338597836E0,1.470000029E0,2.932999878E2,3.790092468E0,3.670008421E0
2.059158916E2,6.501194979E1,2.546214258E1,3.461640726E0,1.440000057E0,2.947999878E2,3.790092468E0,3.759133816E0
2.069100659E2,6.501195486E1,2.546210904E1,3.731106629E0,1.570000052E0,2.958999939E2,3.790092468E0,3.722096443E0
2.079098219E2,6.501195974E1,2.546207548E1,3.978844088E0,1.460000038E0,2.908999939E2,3.790092468E0,3.401899099E0
2.089105817E2,6.501196526E1,2.546204062E1,4.661029449E0,1.440000057E0,2.957000122E2,3.790092468E0,3.105853558E0
2.099140056E2,6.501196956E1,2.546200458E1,5.246718618E0,1.470000029E0,2.895000000E2,3.790092468E0,2.810543060E0
2.109138850E2,6.501197356E1,2.546196849E1,5.849802918E0,1.429999948E0,2.912000122E2,3.790092468E0,2.761995316E0
2.119118085E2,6.501197839E1,2.546193941E1,5.675604674E0,1.389999986E0,2.961000061E2,3.790092468E0,2.527555704E0
2.129110524E2,6.501198406E1,2.546191026E1,5.406191256E0,1.450000048E0,2.985000000E2,3.790092468E0,2.616120815E0
2.139099490E2,6.501198831E1,2.546188393E1,4.482786886E0,1.549999952E0,2.912999878E2,3.790092468E0,2.500000000E0
2.149138360E2,6.501199052E1,2.546186028E1,3.182979684E0,1.490000010E0,2.912000122E2,3.790092468E0,2.503041744E0
2.159132216E2,6.501198815E1,2.546182697E1,2.426874746E0,1.509999990E0,2.722999878E2,3.790092468E0,2.659031630E0
2.169138988E2,6.501198776E1,2.546179917E1,2.687798237E0,1.409999967E0,2.770000000E2,3.790092468E0,2.500000000E0
2.179130191E2,6.501199167E1,2.546177472E1,2.299001064E0,1.450000048E0,2.915000000E2,3.790092468E0,2.500000000E0
2.189099530E2,6.501199620E1,2.546174976E1,2.692552247E0,1.389999986E0,2.917999878E2,3.790092468E0,2.500000000E0
2.199131194E2,6.501200078E1,2.546172232E1,2.949079312E0,1.450000048E0,2.895000000E2,3.790092468E0,2.500000000E0
2.209115101E2,6.501200638E1,2.546169579E1,2.836770596E0,1.379999995E0,2.931000061E2,3.790092468E0,2.500000000E0
2.219126206E2,6.501200834E1,2.546166811E1,3.482763988E0,1.360000014E0,2.802000122E2,3.790092468E0,2.500000000E0
2.229135161E2,6.501201302E1,2.546163906E1,3.651949591E0,1.429999948E0,2.896000061E2,3.790092468E0,2.500000000E0
2.239098285E2,6.501201731E1,2.546160988E1,3.647307211E0,1.399999976E0,2.862000122E2,3.790092468E0,2.500000000E0
2.249124315E2,6.501202540E1,2.546158507E1,2.968652437E0,1.500000000E0,3.091000061E2,3.790092468E0,2.500000000E0
2.259093665E2,6.501203260E1,2.546155771E1,3.288532985E0,1.429999948E0,3.067999878E2,3.790092468E0,3.028439045E0
2.269134162E2,6.501203781E1,2.546152616E1,3.606643987E0,1.440000057E0,2.953999939E2,3.790092468E0,3.383028984E0
2.279141950E2,6.501204942E1,2.546150326E1,3.009042673E0,1.639999986E0,3.273999939E2,3.790092468E0,3.720665932E0
2.289137790E2,6.501205510E1,2.546147186E1,3.498479187E0,1.500000000E0,2.947999878E2,3.790092468E0,3.934030294E0
2.299130757E2,6.501206087E1,2.546144072E1,3.622742345E0,1.440000057E0,2.967000122E2,3.792612076E0,4.206203938E0
2.309121343E2,6.501206519E1,2.546140849E1,2.584835577E0,1.440000057E0,2.937000122E2,3.790092468E0,4.152151585E0
2.319131652E2,6.501207171E1,2.546137670E1,1.574332773E0,1.450000048E0,3.033999939E2,3.831437826E0,4.325190544E0
2.329136532E2,6.501207839E1,2.546134357E1,7.673820590E-1,1.490000010E0,2.991000061E2,3.790092468E0,4.231256962E0
2.339147396E2,6.501208582E1,2.546130900E1,-2.698546914E-1,1.549999952E0,3.038999939E2,3.790092468E0,4.001933575E0
2.349127705E2,6.501209330E1,2.546127451E1,-2.833487802E-1,1.480000019E0,3.017999878E2,3.790092468E0,3.745929956E0
2.359125768E2,6.501209923E1,2.546124410E1,-6.356561551E-2,1.480000019E0,3.070000000E2,3.790092468E0,3.556169033E0
2.369126254E2,6.501210630E1,2.546121851E1,-4.209920261E-1,1.480000019E0,3.201000061E2,3.790092468E0,3.350333214E0
2.379097703E2,6.501210960E1,2.546119016E1,-6.283317226E-1,1.259999990E0,2.942999878E2,3.790092468E0,3.024875879E0
2.389126010E2,6.501211251E1,2.546116425E1,-8.536764678E-1,1.149999976E0,2.952999878E2,3.790092468E0,2.724483728E0
2.399138363E2,6.501211573E1,2.546113765E1,-9.886283153E-1,1.269999981E0,2.913999939E2,3.790092468E0,2.500000000E0
2.409161830E2,6.501212093E1,2.546110500E1,-1.177353328E0,1.419999957E0,2.898999939E2,3.790092468E0,2.500000000E0
2.419119741E2,6.501212732E1,2.546107375E1,-1.150868741E0,1.460000038E0,2.996000061E2,3.790092468E0,2.657073498E0
2.429140715E2,6.501213409E1,2.546104493E1,-1.147882667E0,1.389999986E0,3.027999878E2,3.790092468E0,2.725260496E0
2.439233031E2,6.501213912E1,2.546101737E1,-9.920637994E-1,1.450000048E0,3.000000000E2,3.790092468E0,2.835172892E0
2.449100965E2,6.501214569E1,2.546099092E1,-1.234866056E0,1.450000048E0,3.030000000E2,3.790092468E0,2.711016417E0
2.459146471E2,6.501215190E1,2.546096455E1,-1.524909378E0,1.450000048E0,3.037000122E2,3.790092468E0,2.519267797E0
2.469130480E2,6.501215992E1,2.546093885E1,-1.490795640E0,1.480000019E0,3.050000000E2,3.790092468E0,2.500000000E0
2.479144236E2,6.501216811E1,2.546091223E1,-1.964006251E0,1.440000057E0,3.070000000E2,3.790092468E0,2.500000000E0
2.489132281E2,6.501217867E1,2.546088853E1,-1.719566208E0,1.450000048E0,3.078999939E2,3.790092468E0,2.500000000E0
2.499098953E2,6.501218901E1,2.546086438E1,-1.943815077E0,1.509999990E0,3.050000000E2,3.790092468E0,2.500000000E0
2.509118665E2,6.501219521E1,2.546083116E1,-1.117708977E0,1.559999943E0,2.998999939E2,3.790092468E0,2.500000000E0
2.519104734E2,6.501220146E1,2.546080042E1,-1.086097351E0,1.450000048E0,2.993999939E2,3.790092468E0,2.500000000E0
2.529136704E2,6.501220776E1,2.546077181E1,-5.151179193E-1,1.480000019E0,3.020000000E2,3.790092468E0,2.500000000E0
2.539139208E2,6.501221615E1,2.546074422E1,-5.899522139E-1,1.379999995E0,3.037000122E2,3.790092468E0,2.500000000E0
2.549126681E2,6.501222315E1,2.546071571E1,-6.760775390E-1,1.429999948E0,3.037999878E2,3.790092468E0,2.500000000E0
2.559166146E2,6.501223201E1,2.546069153E1,-1.041988436E0,1.460000038E0,3.143999939E2,3.790092468E0,2.500000000E0
2.569227604E2,6.501224126E1,2.546066902E1,-1.032411087E0,1.409999967E0,3.118999939E2,3.790092468E0,2.500000000E0
2.579139418E2,6.501225132E1,2.546064915E1,-1.274054568E0,1.370000005E0,3.217999878E2,3.790092468E0,2.500000000E0
2.589121526E2,6.501226198E1,2.546063248E1,-1.045788389E0,1.320000052E0,3.353999939E2,3.790092468E0,2.500000000E0
2.599135961E2,6.501227386E1,2.546062477E1,-2.879200012E-1,1.360000014E0,3.522999878E2,3.790092468E0,2.500000000E0
2.609115577E2,6.501228551E1,2.546062726E1,2.300199953E-1,1.409999967E0,8.500000000E0,3.790092468E0,2.500000000E0
2.619091846E2,6.501229563E1,2.546063772E1,1.171017714E-1,1.360000014E0,2.489999962E1,3.790092468E0,2.500000000E0
2.629100451E2,6.501230679E1,2.546064968E1,4.086537935E-2,1.350000024E0,2.589999962E1,3.790092468E0,2.500000000E0
2.639138110E2,6.501231592E1,2.546066941E1,-3.594053226E-1,1.399999976E0,4.079999924E1,3.790092468E0,2.500000000E0
2.649133067E2,6.501232684E1,2.546068484E1,-4.304533883E-1,1.340000033E0,2.750000000E1,3.790092468E0,2.500000000E0
2.659142832E2,6.501233646E1,2.546069774E1,-5.069546419E-2,1.340000033E0,2.920000076E1,3.790092468E0,2.500000000E0
2.669104970E2,6.501234566E1,2.546071162E1,1.931373990E-1,1.370000005E0,3.160000038E1,3.790092468E0,2.500000000E0
2.679134639E2,6.501235457E1,2.546072901E1,4.247635910E-1,1.350000024E0,3.609999847E1,3.790092468E0,2.500000000E0
2.689130376E2,6.501236254E1,2.546074492E1,-7.359042567E-2,1.259999990E0,3.450000000E1,3.790092468E0,2.500000000E0
2.699132839E2,6.501237283E1,2.546076119E1,-5.436860382E-1,1.289999962E0,3.110000038E1,3.790092468E0,2.500000000E0
2.709117739E2,6.501238294E1,2.546077730E1,-5.198851076E-1,1.350000024E0,3.309999847E1,3.790092468E0,2.500000000E0
2.719107889E2,6.501239331E1,2.546079634E1,-5.924585825E-1,1.360000014E0,4.000000000E1,3.790092468E0,2.500000000E0
2.729132109E2,6.501240384E1,2.546081166E1,-4.968805260E-1,1.399999976E0,3.150000000E1,3.790092468E0,2.500000000E0
2.739129100E2,6.501241474E1,2.546083002E1,-1.495934137E-1,1.330000043E0,3.390000153E1,3.790092468E0,2.500000000E0
2.749141565E2,6.501242618E1,2.546084759E1,2.441969178E-3,1.500000000E0,3.679999924E1,3.790092468E0,2.500000000E0
2.759144394E2,6.501243855E1,2.546085937E1,3.117031459E-1,1.399999976E0,3.420000076E1,3.790092468E0,2.500000000E0
2.769144970E2,6.501245152E1,2.546087038E1,2.765426494E-1,1.379999995E0,3.209999847E1,3.790092468E0,2.500000000E0
2.779126959E2,6.501246150E1,2.546088772E1,-1.237895816E-1,1.269999981E0,4.179999924E1,3.790092468E0,2.500000000E0
2.789134356E2,6.501247209E1,2.546090646E1,1.327994371E-1,1.370000005E0,3.620000076E1,3.790092468E0,2.500000000E0
2.799153215E2,6.501248175E1,2.546092593E1,3.709394595E-2,1.350000024E0,3.429999924E1,3.790092468E0,2.500000000E0
2.809132158E2,6.501249206E1,2.546093994E1,-3.517468230E-2,1.350000024E0,3.240000153E1,3.790092468E0,2.500000000E0
2.819096196E2,6.501250265E1,2.546095608E1,2.982479814E-2,1.350000024E0,3.520000076E1,3.790092468E0,2.500000000E0
2.829143893E2,6.501251381E1,2.546097091E1,1.883908601E-1,1.379999995E0,3.370000076E1,3.790092468E0,2.500000000E0
2.839143668E2,6.501252414E1,2.546098557E1,-2.728547800E-1,1.299999952E0,3.470000076E1,3.790092468E0,2.500000000E0
2.849131448E2,6.501253433E1,2.546100799E1,-2.676691530E-1,1.419999957E0,4.270000076E1,3.790092468E0,2.500000000E0
2.859149199E2,6.501254470E1,2.546102494E1,-2.708457985E-1,1.409999967E0,3.390000153E1,3.790092468E0,2.500000000E0
2.869131611E2,6.501255563E1,2.546103649E1,2.882938523E-1,1.340000033E0,3.250000000E1,3.790092468E0,2.500000000E0
2.879110589E2,6.501256681E1,2.546105059E1,-3.606352608E-1,1.230000019E0,3.420000076E1,3.790092468E0,2.500000000E0
2.889143640E2,6.501258019E1,2.546106257E1,-4.643060978E-2,1.460000038E0,2.520000076E1,3.790092468E0,2.500000000E0
2.899129896E2,6.501259002E1,2.546107593E1,-1.927347403E-1,1.190000057E0,3.570000076E1,3.790092468E0,2.500000000E0
2.909131722E2,6.501260040E1,2.546109542E1,-4.597661890E-1,1.440000057E0,4.440000153E1,3.790092468E0,2.500000000E0
2.919143727E2,6.501261275E1,2.546110957E1,-5.042645982E-1,1.379999995E0,3.320000076E1,3.790092468E0,2.500000000E0
2.929135197E2,6.501262442E1,2.546112486E1,-7.758134443E-1,1.299999952E0,3.450000000E1,3.790092468E0,2.500000000E0
2.939127245E2,6.501263761E1,2.546114020E1,-8.916621914E-1,1.379999995E0,2.920000076E1,3.790092468E0,2.500000000E0
2.949149218E2,6.501264984E1,2.546115778E1,-7.180206620E-1,1.440000057E0,3.229999924E1,3.790092468E0,2.500000000E0
2.959155492E2,6.501266117E1,2.546117635E1,-3.673157254E-1,1.419999957E0,2.920000076E1,3.790092468E0,2.500000000E0
2.969145939E2,6.501267219E1,2.546119406E1,-1.057260143E0,1.340000033E0,3.290000153E1,3.790092468E0,2.500000000E0
2.979136551E2,6.501268314E1,2.546121407E1,-9.237180431E-1,1.379999995E0,3.579999924E1,3.790092468E0,2.500000000E0
2.989157768E2,6.501269375E1,2.546123249E1,-9.427027788E-1,1.429999948E0,3.540000153E1,3.790092468E0,2.500000000E0
2.999158027E2,6.501270553E1,2.546124766E1,-9.848205214E-1,1.389999986E0,3.020000076E1,3.790092468E0,2.500000000E0
3.009114273E2,6.501271701E1,2.546125927E1,-8.658055873E-1,1.340000033E0,2.589999962E1,3.790092468E0,2.500000000E0
3.019138805E2,6.501272645E1,2.546127650E1,-1.075280676E0,1.340000033E0,4.050000000E1,3.790092468E0,2.500000000E0
3.029131514E2,6.501273465E1,2.546129627E1,-1.276393289E0,1.389999986E0,4.490000153E1,3.790092468E0,2.500000000E0
3.039132308E2,6.501274369E1,2.546130545E1,-1.517423969E0,1.200000048E0,3.270000076E1,3.790092468E0,2.500000000E0
3.049167266E2,6.501275504E1,2.546131104E1,-1.617769761E0,1.370000005E0,2.689999962E1,3.790092468E0,2.522642136E0
3.059154557E2,6.501276721E1,2.546132514E1,-1.429663120E0,1.360000014E0,3.150000000E1,3.790092468E0,2.522551537E0
3.069143868E2,6.501277866E1,2.546134317E1,-1.051980725E0,1.330000043E0,3.559999847E1,3.790092468E0,2.547852755E0
3.079141785E2,6.501279011E1,2.546136275E1,-8.726014434E-1,1.370000005E0,3.370000076E1,3.790092468E0,2.662766695E0
3.089130465E2,6.501280102E1,2.546138184E1,-8.195489704E-2,1.360000014E0,3.370000076E1,3.790092468E0,2.602874994E0
3.099156566E2,6.501281025E1,2.546141001E1,-6.263290291E-1,1.419999957E0,3.620000076E1,3.790092468E0,2.630246401E0
3.109147549E2,6.501282093E1,2.546143066E1,-6.852916573E-1,1.360000014E0,3.700000000E1,3.790092468E0,2.625578403E0
3.119152499E2,6.501283359E1,2.546145061E1,-2.418136945E-1,1.470000029E0,3.039999962E1,3.790092468E0,2.541194916E0
3.129152094E2,6.501284585E1,2.546147238E1,-3.456376936E-1,1.450000048E0,3.390000153E1,3.790092468E0,2.500000000E0
3.139131200E2,6.501285745E1,2.546148998E1,-1.767566546E-1,1.419999957E0,3.350000000E1,3.790092468E0,2.500000000E0
3.149128788E2,6.501286864E1,2.546150942E1,-1.912249355E-1,1.460000038E0,2.920000076E1,3.790092468E0,2.500000000E0
3.159141414E2,6.501287988E1,2.546152815E1,-4.213304928E-1,1.389999986E0,3.200000000E1,3.790092468E0,2.500000000E0
3.169155122E2,6.501289052E1,2.546155286E1,-8.077464283E-1,1.429999948E0,3.959999847E1,3.790092468E0,2.500000000E0
3.179155372E2,6.501290110E1,2.546157492E1,-7.701512979E-1,1.409999967E0,3.890000153E1,3.790092468E0,2.500000000E0
3.189129391E2,6.501291184E1,2.546159445E1,-1.143994397E0,1.450000048E0,3.209999847E1,3.790092468E0,2.500000000E0
3.199126108E2,6.501292194E1,2.546161778E1,-6.510156891E-1,1.399999976E0,3.940000153E1,3.790092468E0,2.500000000E0
3.209116735E2,6.501293060E1,2.546163889E1,-1.042069785E0,1.269999981E0,4.390000153E1,3.790092468E0,2.500000000E0
3.219124761E2,6.501293849E1,2.546166116E1,-1.314654262E0,1.330000043E0,4.490000153E1,3.790092468E0,2.500000000E0
3.229156007E2,6.501294846E1,2.546168477E1,-7.098590766E-1,1.399999976E0,4.559999847E1,3.790092468E0,2.500000000E0
3.239260696E2,6.501295148E1,2.546170516E1,-8.307084052E-1,6.499999762E-1,6.990000153E1,3.790092468E0,2.500000000E0
3.249156721E2,6.501295538E1,2.546173488E1,-3.439524307E-1,1.360000014E0,7.530000305E1,3.790092468E0,2.500000000E0
3.259145745E2,6.501295186E1,2.546176457E1,2.445924228E-2,1.409999967E0,1.084000015E2,3.790092468E0,2.500000000E0
3.269138561E2,6.501294665E1,2.546179539E1,-1.182977850E-1,1.330000043E0,1.083000031E2,3.790092468E0,2.500000000E0
3.279151849E2,6.501294078E1,2.546182426E1,8.751708147E-2,1.309999943E0,1.124000015E2,3.790092468E0,2.500000000E0
3.289137981E2,6.501293189E1,2.546184605E1,5.549903269E-1,1.299999952E0,1.250000000E2,3.790092468E0,2.500000000E0
3.299145896E2,6.501292243E1,2.546186769E1,1.475248168E-1,1.360000014E0,1.305000000E2,3.790092468E0,2.500000000E0
3.309128388E2,6.501291312E1,2.546188740E1,-1.513593457E-1,1.320000052E0,1.310000000E2,3.790092468E0,2.500000000E0
3.319142126E2,6.501290309E1,2.546190982E1,-3.733997762E-1,1.500000000E0,1.356999969E2,3.790092468E0,2.500000000E0
3.329140692E2,6.501289663E1,2.546193201E1,-7.228830092E-1,1.320000052E0,1.229000015E2,3.790092468E0,2.500000000E0
3.339143869E2,6.501288981E1,2.546195626E1,-7.236110742E-1,1.330000043E0,1.214000015E2,3.790092468E0,2.500000000E0
3.349130774E2,6.501288440E1,2.546198325E1,-7.063341188E-1,1.350000024E0,1.166999969E2,3.790092468E0,2.500000000E0
3.359144980E2,6.501287735E1,2.546200626E1,-9.479069102E-1,1.279999971E0,1.255000000E2,3.790092468E0,2.500000000E0
3.369141568E2,6.501286882E1,2.546203113E1,-1.199854975E0,1.340000033E0,1.260000000E2,3.790092468E0,2.500000000E0
3.379134466E2,6.501286325E1,2.546205640E1,-1.385275834E0,1.389999986E0,1.218000031E2,3.790092468E0,2.500000000E0
3.389140031E2,6.501285792E1,2.546207648E1,-1.448565807E0,1.340000033E0,1.234000015E2,3.790092468E0,2.500000000E0
3.399140072E2,6.501285153E1,2.546210005E1,-1.528944967E0,1.360000014E0,1.243000031E2,3.790092468E0,2.500000000E0
3.409116343E2,6.501284572E1,2.546212418E1,-1.666209077E0,1.299999952E0,1.175000000E2,3.790092468E0,2.500000000E0
3.419131582E2,6.501283871E1,2.546215067E1,-1.772771873E0,1.460000038E0,1.219000015E2,3.790092468E0,2.500000000E0
3.429214250E2,6.501283279E1,2.546218446E1,-1.887818459E0,1.490000010E0,1.130000000E2,3.790092468E0,2.500000000E0
3.439115999E2,6.501282524E1,2.546221249E1,-1.617061602E0,1.419999957E0,1.234000015E2,3.790092468E0,2.500000000E0
3.449140604E2,6.501281744E1,2.546224326E1,-1.702871837E0,1.399999976E0,1.221999969E2,3.790092468E0,2.500000000E0
3.459145042E2,6.501280891E1,2.546227059E1,-2.183152250E0,1.480000019E0,1.260000000E2,3.790092468E0,2.500000000E0
3.469141099E2,6.501280119E1,2.546229594E1,-2.349041026E0,1.389999986E0,1.244000015E2,3.790092468E0,2.500000000E0
3.479125815E2,6.501279488E1,2.546232241E1,-2.428077240E0,1.409999967E0,1.201999969E2,3.790092468E0,2.500000000E0
3.489153909E2,6.501278860E1,2.546234823E1,-2.325167711E0,1.429999948E0,1.231999969E2,3.790092468E0,2.500000000E0
3.499137618E2,6.501278215E1,2.546237299E1,-2.448942763E0,1.429999948E0,1.218000031E2,3.790092468E0,2.500000000E0
3.509176575E2,6.501277805E1,2.546239912E1,-2.898951535E0,1.409999967E0,1.153000031E2,3.790092468E0,2.500000000E0
3.519147087E2,6.501277211E1,2.546242676E1,-3.352499529E0,1.500000000E0,1.184000015E2,3.790092468E0,2.573531151E0
3.529131178E2,6.501276528E1,2.546245265E1,-3.866044862E0,1.470000029E0,1.244000015E2,3.790092468E0,2.579954147E0
3.539133493E2,6.501275913E1,2.546247800E1,-4.114942059E0,1.370000005E0,1.191999969E2,3.790092468E0,2.654999256E0
3.549144285E2,6.501275143E1,2.546249916E1,-4.355843349E0,1.419999957E0,1.236999969E2,3.790092468E0,2.629732370E0
3.559139831E2,6.501274181E1,2.546252007E1,-4.445620869E0,1.360000014E0,1.250000000E2,3.790092468E0,2.653530359E0
3.569153579E2,6.501273342E1,2.546254518E1,-4.435728157E0,1.419999957E0,1.206999969E2,3.790092468E0,2.770853281E0
3.579135103E2,6.501272627E1,2.546257431E1,-4.603264838E0,1.409999967E0,1.233000031E2,3.790092468E0,2.658875704E0
3.589132977E2,6.501272026E1,2.546260519E1,-4.364490800E0,1.370000005E0,1.226999969E2,3.790092468E0,2.553959608E0
3.599136272E2,6.501271187E1,2.546263249E1,-4.032210238E0,1.450000048E0,1.295000000E2,3.790092468E0,2.500000000E0
3.609126050E2,6.501270662E1,2.546266388E1,-3.613748958E0,1.409999967E0,1.161999969E2,3.790092468E0,2.500000000E0
3.619115650E2,6.501270096E1,2.546269144E1,-3.135839549E0,1.429999948E0,1.229000015E2,3.790092468E0,2.500000000E0
3.629149125E2,6.501269353E1,2.546271820E1,-3.370453929E0,1.389999986E0,1.286999969E2,3.790092468E0,2.500000000E0
3.639121163E2,6.501268637E1,2.546274644E1,-3.382900339E0,1.440000057E0,1.243000031E2,3.790092468E0,2.500000000E0
3.649143886E2,6.501267874E1,2.546277397E1,-2.817648864E0,1.440000057E0,1.158000031E2,3.790092468E0,2.500000000E0
3.659150589E2,6.501267059E1,2.546279897E1,-2.597429107E0,1.399999976E0,1.223000031E2,3.790092468E0,2.500000000E0
3.669144863E2,6.501266183E1,2.546282022E1,-2.878185943E0,1.450000048E0,1.291999969E2,3.790092468E0,2.500000000E0
3.679126638E2,6.501265439E1,2.546284922E1,-2.896186392E0,1.409999967E0,1.184000015E2,3.790092468E0,2.500000000E0
3.689125710E2,6.501264711E1,2.546287624E1,-2.963137238E0,1.409999967E0,1.226999969E2,3.790092468E0,2.500000000E0
3.699148135E2,6.501264061E1,2.546290302E1,-3.419797876E0,1.389999986E0,1.171999969E2,3.790092468E0,2.500000000E0
3.709154255E2,6.501263796E1,2.546293533E1,-3.485590466E0,1.389999986E0,1.016999969E2,3.790092468E0,2.500000000E0
3.719147666E2,6.501264023E1,2.546296821E1,-3.927788721E0,1.509999990E0,7.819999695E1,3.790092468E0,2.500000000E0
3.729301523E2,6.501264385E1,2.546299612E1,-4.435234431E0,1.389999986E0,7.240000153E1,3.790092468E0,2.500000000E0
3.739113051E2,6.501265048E1,2.546301870E1,-4.011956580E0,1.429999948E0,5.940000153E1,3.790092468E0,2.500000000E0
3.749131158E2,6.501266074E1,2.546303896E1,-3.844478632E0,1.440000057E0,5.109999847E1,3.790092468E0,2.742077351E0
3.759131382E2,6.501267185E1,2.546306253E1,-4.636595504E0,1.419999957E0,4.970000076E1,3.790092468E0,3.082798004E0
3.769142131E2,6.501268277E1,2.546308220E1,-3.972474786E0,1.419999957E0,4.870000076E1,3.790092468E0,3.363063574E0
3.779143151E2,6.501269114E1,2.546310503E1,-3.102969559E0,1.429999948E0,6.129999924E1,3.790092468E0,3.765138388E0
3.789165479E2,6.501269958E1,2.546312919E1,-2.291752840E0,1.419999957E0,6.270000076E1,3.790092468E0,4.363974094E0
3.799137870E2,6.501270512E1,2.546315475E1,-1.131780020E0,1.429999948E0,7.359999847E1,3.790092468E0,4.670172215E0
3.809107822E2,6.501270552E1,2.546318085E1,3.168300727E-1,1.399999976E0,8.140000153E1,3.790092468E0,4.831484795E0
3.819115739E2,6.501270394E1,2.546320652E1,7.030629684E-1,1.409999967E0,8.359999847E1,3.790092468E0,5.383109570E0
3.829130674E2,6.501270588E1,2.546323286E1,1.463989379E0,1.409999967E0,7.180000305E1,3.840755463E0,5.766598701E0
3.839137753E2,6.501271187E1,2.546325838E1,1.983092883E0,1.429999948E0,6.769999695E1,3.982425928E0,5.978554249E0
3.849139053E2,6.501271623E1,2.546328720E1,2.936645490E0,1.399999976E0,6.880000305E1,4.010354996E0,6.062366962E0
3.859135258E2,6.501272021E1,2.546331624E1,2.838196307E0,1.419999957E0,6.959999847E1,4.151504517E0,6.265442371E0
3.869130432E2,6.501272633E1,2.546334573E1,2.479187249E0,1.399999976E0,6.730000305E1,4.187290668E0,6.304292679E0
3.879132149E2,6.501273355E1,2.546337688E1,1.814880034E0,1.379999995E0,6.359999847E1,3.911986828E0,6.029171944E0
3.889174462E2,6.501273703E1,2.546340853E1,8.897710730E-1,1.389999986E0,7.069999695E1,3.790092468E0,5.339190960E0
3.899147069E2,6.501273829E1,2.546344321E1,7.257333782E-2,1.429999948E0,7.130000305E1,3.790092468E0,4.841036320E0
3.909155493E2,6.501274100E1,2.546347684E1,-7.253989559E-1,1.419999957E0,7.340000153E1,3.790092468E0,4.641818047E0
3.919131198E2,6.501274088E1,2.546351563E1,-1.774163251E0,1.419999957E0,7.819999695E1,3.790092468E0,4.046788692E0
3.929142691E2,6.501274388E1,2.546355252E1,-1.973563648E0,1.419999957E0,8.059999847E1,3.790092468E0,4.024812698E0
3.939309863E2,6.501274417E1,2.546358776E1,-1.441151594E0,1.429999948E0,8.730000305E1,3.790092468E0,4.177894592E0
3.949130688E2,6.501274533E1,2.546362274E1,-2.182726711E0,1.429999948E0,8.140000153E1,3.790092468E0,4.291970253E0
3.959147577E2,6.501274712E1,2.546365608E1,-3.045456971E0,1.370000005E0,7.719999695E1,3.790092468E0,3.948298454E0
3.969149162E2,6.501275194E1,2.546369045E1,-3.192612153E0,1.419999957E0,8.159999847E1,3.790092468E0,3.869744062E0
3.979157866E2,6.501275673E1,2.546372496E1,-3.997054910E0,1.389999986E0,7.450000000E1,3.790092468E0,3.739146948E0
3.989297628E2,6.501276204E1,2.546375354E1,-4.275741452E0,1.370000005E0,7.040000153E1,3.790092468E0,3.662243843E0
3.999132584E2,6.501276974E1,2.546377869E1,-4.022385699E0,1.419999957E0,6.300000000E1,3.790092468E0,3.794675589E0
4.009119224E2,6.501277682E1,2.546380444E1,-3.841173220E0,1.409999967E0,5.859999847E1,3.790092468E0,3.488010645E0
4.019127243E2,6.501278602E1,2.546383100E1,-3.391406811E0,1.440000057E0,5.290000153E1,3.790092468E0,3.391172409E0
4.029147289E2,6.501279353E1,2.546385881E1,-3.833668472E0,1.370000005E0,5.859999847E1,3.790092468E0,3.206954002E0
4.039151128E2,6.501280091E1,2.546388866E1,-3.595571050E0,1.450000048E0,6.309999847E1,3.790092468E0,3.152007818E0
4.049156166E2,6.501280837E1,2.546391685E1,-3.093252586E0,1.419999957E0,6.009999847E1,3.790092468E0,3.031743765E0
4.059135539E2,6.501281430E1,2.546394491E1,-3.093374948E0,1.340000033E0,7.480000305E1,3.790092468E0,2.813768148E0
4.069144107E2,6.501281923E1,2.546397263E1,-2.964895874E0,1.379999995E0,7.419999695E1,3.790092468E0,2.638097525E0
4.079150939E2,6.501282435E1,2.546400437E1,-2.872305261E0,1.379999995E0,6.919999695E1,3.790092468E0,2.524224758E0
4.089155830E2,6.501283206E1,2.546403268E1,-2.881644597E0,1.389999986E0,6.509999847E1,3.790092468E0,2.515896082E0
4.099131994E2,6.501283633E1,2.546406263E1,-3.336233959E0,1.360000014E0,7.469999695E1,3.790092468E0,2.613111734E0
4.109126880E2,6.501284127E1,2.546409246E1,-2.855764993E0,1.389999986E0,7.280000305E1,3.790092468E0,3.123729229E0
4.119120658E2,6.501284240E1,2.546412544E1,-2.869862209E0,1.419999957E0,9.050000000E1,3.790092468E0,3.376513243E0
4.129155161E2,6.501284265E1,2.546415967E1,-3.280504408E0,1.389999986E0,9.040000153E1,3.790092468E0,3.675283909E0
4.139300252E2,6.501283916E1,2.546419677E1,-4.525190375E0,1.450000048E0,1.109000015E2,3.790092468E0,3.878211737E0
4.149135743E2,6.501283853E1,2.546423212E1,-4.258341922E0,1.409999967E0,9.419999695E1,3.790092468E0,3.721756458E0
4.159161267E2,6.501283914E1,2.546426566E1,-3.667275325E0,1.419999957E0,8.559999847E1,3.790092468E0,3.752916813E0
4.169150333E2,6.501284400E1,2.546429612E1,-4.626381477E0,1.460000038E0,6.340000153E1,3.790092468E0,3.400289297E0
4.179151883E2,6.501285055E1,2.546432249E1,-4.423928511E0,1.440000057E0,5.270000076E1,3.790092468E0,3.222800016E0
4.189142619E2,6.501285903E1,2.546434084E1,-4.436686816E0,1.389999986E0,3.829999924E1,3.790092468E0,3.380587339E0
4.199118240E2,6.501286757E1,2.546435714E1,-4.620709938E0,1.440000057E0,3.440000153E1,3.790092468E0,3.496462345E0
4.209120964E2,6.501287727E1,2.546437394E1,-4.415939525E0,1.450000048E0,3.790000153E1,3.790092468E0,3.427174330E0
4.219121311E2,6.501288794E1,2.546439130E1,-4.559619152E0,1.460000038E0,3.640000153E1,3.790092468E0,3.406831264E0
4.229130935E2,6.501289881E1,2.546440964E1,-4.319631793E0,1.480000019E0,3.479999924E1,3.790092468E0,3.103084087E0
4.239158899E2,6.501290945E1,2.546442679E1,-4.435723532E0,1.429999948E0,3.160000038E1,3.790092468E0,3.040936232E0
4.249171040E2,6.501292014E1,2.546444510E1,-4.647152121E0,1.350000024E0,3.550000000E1,3.790092468E0,3.029016495E0
4.259135806E2,6.501293108E1,2.546446010E1,-5.002746081E0,1.409999967E0,3.000000000E1,3.790092468E0,3.145472050E0
4.269125635E2,6.501294081E1,2.546447622E1,-4.767458147E0,1.379999995E0,3.350000000E1,3.790092468E0,3.248512268E0
4.279141278E2,6.501295105E1,2.546449089E1,-4.392888286E0,1.399999976E0,3.179999924E1,3.790092468E0,3.259999514E0
4.289142203E2,6.501296116E1,2.546450378E1,-4.329414693E0,1.450000048E0,3.150000000E1,3.790092468E0,3.138549328E0
4.299156409E2,6.501297065E1,2.546452076E1,-4.392588520E0,1.450000048E0,3.879999924E1,3.790092468E0,3.102776766E0
4.309130232E2,6.501298024E1,2.546453788E1,-4.148694503E0,1.370000005E0,3.940000153E1,3.790092468E0,2.928150892E0
4.319126384E2,6.501299203E1,2.546455324E1,-3.756974309E0,1.470000029E0,3.179999924E1,3.790092468E0,3.140775442E0
4.329113617E2,6.501300398E1,2.546457085E1,-4.005573840E0,1.419999957E0,3.150000000E1,3.790092468E0,3.154023409E0
4.339132547E2,6.501301553E1,2.546458776E1,-4.172813403E0,1.460000038E0,2.989999962E1,3.790092468E0,3.190299273E0
4.349142115E2,6.501302568E1,2.546460477E1,-4.278956230E0,1.379999995E0,3.139999962E1,3.790092468E0,3.040498734E0
4.359141234E2,6.501303705E1,2.546461848E1,-4.444486967E0,1.460000038E0,2.760000038E1,3.790092468E0,2.961191654E0
4.369141664E2,6.501304812E1,2.546463243E1,-4.345674309E0,1.450000048E0,3.070000076E1,3.790092468E0,3.047958612E0
4.379131448E2,6.501305869E1,2.546465056E1,-4.223850908E0,1.409999967E0,3.250000000E1,3.790092468E0,3.092198372E0
4.389154583E2,6.501306904E1,2.546466658E1,-4.623634017E0,1.399999976E0,2.950000000E1,3.790092468E0,3.141266823E0
4.399145793E2,6.501307799E1,2.546468824E1,-4.481973316E0,1.389999986E0,4.059999847E1,3.790092468E0,2.948115587E0
4.409132464E2,6.501308683E1,2.546470883E1,-4.729350735E0,1.379999995E0,3.740000153E1,3.790092468E0,3.081976175E0
4.419099066E2,6.501309781E1,2.546472420E1,-4.781844093E0,1.379999995E0,3.229999924E1,3.790092468E0,2.850551605E0
4.429119745E2,6.501310952E1,2.546473805E1,-5.118517526E0,1.450000048E0,3.020000076E1,3.790092468E0,2.622452736E0
4.439143466E2,6.501312319E1,2.546475679E1,-5.145682087E0,1.500000000E0,3.200000000E1,3.790092468E0,2.500000000E0
4.449145626E2,6.501313697E1,2.546478043E1,-5.195673489E0,1.539999962E0,3.259999847E1,3.790092468E0,2.500000000E0
4.459154931E2,6.501315055E1,2.546480422E1,-5.041441170E0,1.490000010E0,3.179999924E1,3.790092468E0,2.500000000E0
4.469140526E2,6.501316319E1,2.546482146E1,-5.224855440E0,1.389999986E0,2.729999924E1,3.790092468E0,2.500000000E0
4.479150809E2,6.501317650E1,2.546483201E1,-4.992804135E0,1.429999948E0,3.050000000E1,3.790092468E0,2.500000000E0
4.489167270E2,6.501318814E1,2.546484733E1,-4.751108294E0,1.409999967E0,3.450000000E1,3.790092468E0,2.500000000E0
4.499137621E2,6.501319873E1,2.546486624E1,-5.074109060E0,1.440000057E0,3.859999847E1,3.790092468E0,2.500000000E0
4.509140110E2,6.501320984E1,2.546488140E1,-5.505173036E0,1.419999957E0,3.089999962E1,3.790092468E0,2.500000000E0
4.519117331E2,6.501321929E1,2.546490236E1,-5.468187866E0,1.470000029E0,3.790000153E1,3.790092468E0,2.500000000E0
4.529150244E2,6.501322862E1,2.546492002E1,-5.789692875E0,1.379999995E0,3.409999847E1,3.790092468E0,2.500000000E0
4.539134006E2,6.501323920E1,2.546493887E1,-5.933189245E0,1.480000019E0,3.220000076E1,3.790092468E0,2.500000000E0
4.549144431E2,6.501324893E1,2.546495635E1,-5.826776939E0,1.389999986E0,3.479999924E1,3.790092468E0,2.500000000E0
4.559141047E2,6.501325991E1,2.546497312E1,-5.421109792E0,1.379999995E0,3.809999847E1,3.790092468E0,2.500000000E0
4.569132863E2,6.501327180E1,2.546499327E1,-5.371308232E0,1.409999967E0,3.359999847E1,3.790092468E0,2.500000000E0
4.579147871E2,6.501328333E1,2.546501365E1,-5.562961594E0,1.399999976E0,3.470000076E1,3.790092468E0,2.500000000E0
4.589150363E2,6.501329369E1,2.546503604E1,-6.014074813E0,1.419999957E0,3.879999924E1,3.790092468E0,2.500000000E0
4.599152887E2,6.501330230E1,2.546506226E1,-6.699867263E0,1.480000019E0,4.209999847E1,3.790092468E0,2.500000000E0
4.609182324E2,6.501331072E1,2.546508572E1,-6.808114670E0,1.429999948E0,3.959999847E1,3.790092468E0,2.500000000E0
4.619116178E2,6.501332036E1,2.546511062E1,-6.713451066E0,1.480000019E0,3.690000153E1,3.790092468E0,2.500000000E0
4.629147657E2,6.501333173E1,2.546513388E1,-7.102308749E0,1.429999948E0,3.740000153E1,3.790092468E0,2.500000000E0
4.639158501E2,6.501334217E1,2.546515199E1,-7.289658875E0,1.409999967E0,3.370000076E1,3.790092468E0,2.500000000E0
4.649148573E2,6.501335205E1,2.546517106E1,-6.968067066E0,1.399999976E0,3.709999847E1,3.790092468E0,2.500000000E0
4.659143925E2,6.501336302E1,2.546519100E1,-6.808554471E0,1.419999957E0,3.640000153E1,3.790092468E0,2.500000000E0
4.669134484E2,6.501337531E1,2.546520588E1,-6.398798602E0,1.389999986E0,3.100000000E1,3.790092468E0,2.500000000E0
4.679132978E2,6.501338781E1,2.546521918E1,-5.767515827E0,1.409999967E0,2.700000000E1,3.790092468E0,2.500000000E0
4.689146721E2,6.501340010E1,2.546523481E1,-5.704744768E0,1.399999976E0,3.129999924E1,3.790092468E0,2.500000000E0
4.699160348E2,6.501341123E1,2.546525402E1,-5.371587265E0,1.389999986E0,3.429999924E1,3.790092468E0,2.500000000E0
4.709143745E2,6.501342250E1,2.546527107E1,-5.477516884E0,1.370000005E0,3.320000076E1,3.790092468E0,2.500000000E0
4.719133270E2,6.501343568E1,2.546528755E1,-6.088024912E0,1.370000005E0,2.920000076E1,3.790092468E0,2.500000000E0
4.729137025E2,6.501344748E1,2.546530360E1,-6.467422823E0,1.429999948E0,3.290000153E1,3.790092468E0,2.500000000E0
4.739154291E2,6.501345982E1,2.546531887E1,-6.304584668E0,1.389999986E0,3.350000000E1,3.790092468E0,2.500000000E0
4.749150550E2,6.501347141E1,2.546533390E1,-6.020713527E0,1.379999995E0,3.390000153E1,3.790092468E0,2.500000000E0
4.759164355E2,6.501348275E1,2.546535147E1,-5.607539130E0,1.409999967E0,3.550000000E1,3.790092468E0,2.500000000E0
4.769142591E2,6.501349250E1,2.546536732E1,-5.753141101E0,1.360000014E0,3.309999847E1,3.790092468E0,2.500000000E0
4.779134428E2,6.501350403E1,2.546538354E1,-5.978089432E0,1.389999986E0,3.290000153E1,3.790092468E0,2.500000000E0
4.789132110E2,6.501351515E1,2.546539748E1,-5.667973070E0,1.399999976E0,3.000000000E1,3.790092468E0,2.500000000E0
4.799151924E2,6.501352534E1,2.546541656E1,-5.569770047E0,1.429999948E0,3.520000076E1,3.790092468E0,2.500000000E0
4.809135288E2,6.501353613E1,2.546543152E1,-5.724893964E0,1.409999967E0,2.960000038E1,3.790092468E0,2.500000000E0
4.819128311E2,6.501354558E1,2.546544776E1,-6.003705020E0,1.440000057E0,3.409999847E1,3.790092468E0,2.500000000E0
4.829143644E2,6.501355450E1,2.546546793E1,-6.015669887E0,1.450000048E0,3.420000076E1,3.790092468E0,2.500000000E0
4.839126172E2,6.501356549E1,2.546548625E1,-5.853593933E0,1.450000048E0,3.170000076E1,3.790092468E0,2.500000000E0
4.849139587E2,6.501357759E1,2.546550872E1,-5.644002237E0,1.490000010E0,3.000000000E1,3.790092468E0,2.500000000E0
4.859139400E2,6.501358842E1,2.546552767E1,-5.684318754E0,1.470000029E0,3.189999962E1,3.790092468E0,2.500000000E0
4.869143325E2,6.501359953E1,2.546554411E1,-5.629451231E0,1.389999986E0,3.089999962E1,3.790092468E0,2.500000000E0
4.879151917E2,6.501361092E1,2.546556465E1,-5.797972193E0,1.440000057E0,3.390000153E1,3.790092468E0,2.500000000E0
4.889163636E2,6.501362257E1,2.546558179E1,-5.714326750E0,1.440000057E0,3.429999924E1,3.790092468E0,2.500000000E0
4.899117317E2,6.501363460E1,2.546559805E1,-5.824285031E0,1.370000005E0,2.989999962E1,3.790092468E0,2.500000000E0
4.909137074E2,6.501364811E1,2.546561646E1,-5.865335033E0,1.440000057E0,3.120000076E1,3.790092468E0,2.500000000E0
4.919146535E2,6.501365956E1,2.546563383E1,-5.781933637E0,1.470000029E0,3.470000076E1,3.790092468E0,2.500000000E0
4.929168483E2,6.501366998E1,2.546564808E1,-6.000961268E0,1.409999967E0,3.039999962E1,3.790092468E0,2.500000000E0
4.939151374E2,6.501368047E1,2.546566588E1,-5.969103661E0,1.379999995E0,3.420000076E1,3.790092468E0,2.500000000E0
4.949129487E2,6.501369255E1,2.546568228E1,-6.296011412E0,1.490000010E0,3.100000000E1,3.790092468E0,2.500000000E0
4.959116647E2,6.501370455E1,2.546569670E1,-6.529199792E0,1.450000048E0,3.150000000E1,3.790092468E0,2.500000000E0
4.969157631E2,6.501371616E1,2.546571464E1,-6.677823561E0,1.480000019E0,2.750000000E1,3.790092468E0,2.500000000E0
4.979140065E2,6.501372875E1,2.546573210E1,-6.587983383E0,1.519999981E0,3.179999924E1,3.790092468E0,2.500000000E0
4.989153405E2,6.501374005E1,2.546575106E1,-6.805027370E0,1.470000029E0,3.459999847E1,3.790092468E0,2.500000000E0
4.999145478E2,6.501375051E1,2.546577240E1,-6.962134339E0,1.529999971E0,3.089999962E1,3.790092468E0,2.500000000E0
5.009115279E2,6.501376031E1,2.546579303E1,-7.086068500E0,1.500000000E0,3.300000000E1,3.790092468E0,2.500000000E0
5.019117289E2,6.501377175E1,2.546581154E1,-7.025646750E0,1.409999967E0,3.300000000E1,3.790092468E0,2.500000000E0
5.029131089E2,6.501378385E1,2.546582745E1,-6.448715430E0,1.440000057E0,2.770000076E1,3.790092468E0,2.500000000E0
5.039159293E2,6.501379722E1,2.546584300E1,-6.211506302E0,1.500000000E0,3.120000076E1,3.790092468E0,2.500000000E0
5.049135143E2,6.501380901E1,2.546586132E1,-5.861320295E0,1.409999967E0,3.629999924E1,3.790092468E0,2.500000000E0
5.059153289E2,6.501381965E1,2.546588451E1,-6.075006789E0,1.389999986E0,3.590000153E1,3.790092468E0,2.500000000E0
5.069131966E2,6.501383055E1,2.546590651E1,-6.040066758E0,1.490000010E0,3.709999847E1,3.790092468E0,2.500000000E0
5.079133823E2,6.501384282E1,2.546592429E1,-5.767822867E0,1.409999967E0,3.320000076E1,3.790092468E0,2.500000000E0
5.089157148E2,6.501385549E1,2.546594105E1,-5.558750589E0,1.460000038E0,3.229999924E1,3.790092468E0,2.500000000E0
5.099153579E2,6.501386758E1,2.546595907E1,-5.724006611E0,1.429999948E0,3.429999924E1,3.790092468E0,2.500000000E0
5.109169482E2,6.501387844E1,2.546597613E1,-5.567271264E0,1.470000029E0,2.929999924E1,3.790092468E0,2.500000000E0
5.119135561E2,6.501389031E1,2.546599015E1,-5.387587303E0,1.500000000E0,2.310000038E1,3.790092468E0,2.500000000E0
5.129253051E2,6.501390169E1,2.546600023E1,-5.017351679E0,1.460000038E0,1.870000076E1,3.790092468E0,2.500000000E0
5.139147394E2,6.501391406E1,2.546600785E1,-4.948569248E0,1.480000019E0,1.150000000E1,3.790092468E0,2.500000000E0
5.149152599E2,6.501392777E1,2.546600576E1,-4.930325136E0,1.440000057E0,2.500000000E0,3.790092468E0,2.500000000E0
5.159149675E2,6.501394150E1,2.546600140E1,-4.792879536E0,1.419999957E0,2.000000030E-1,3.790092468E0,2.500000000E0
5.169151229E2,6.501395435E1,2.546599482E1,-4.782631024E0,1.480000019E0,3.542000122E2,3.790092468E0,2.500000000E0
5.179161898E2,6.501396626E1,2.546598904E1,-5.210736587E0,1.440000057E0,3.487000122E2,3.790092468E0,2.500000000E0
5.189133038E2,6.501397964E1,2.546597794E1,-5.028674638E0,1.490000010E0,3.451000061E2,3.790092468E0,2.500000000E0
5.199135109E2,6.501399328E1,2.546596527E1,-4.683282824E0,1.460000038E0,3.442999878E2,3.790092468E0,2.500000000E0
5.209120524E2,6.501400830E1,2.546595114E1,-3.937684124E0,1.429999948E0,3.457000122E2,3.790092468E0,2.500000000E0
5.219125137E2,6.501402296E1,2.546594098E1,-3.454841349E0,1.490000010E0,3.472000122E2,3.790092468E0,2.500000000E0
5.229136565E2,6.501403705E1,2.546593445E1,-3.616163134E0,1.519999981E0,3.483999939E2,3.790092468E0,2.500000000E0
5.239142302E2,6.501404926E1,2.546592262E1,-3.568439170E0,1.450000048E0,3.405000000E2,3.790092468E0,2.500000000E0
5.249117181E2,6.501406257E1,2.546591421E1,-3.471276904E0,1.429999948E0,3.450000000E2,3.790092468E0,2.500000000E0
5.259147187E2,6.501407550E1,2.546590349E1,-3.485137609E0,1.460000038E0,3.420000000E2,3.790092468E0,2.500000000E0
5.269137345E2,6.501408807E1,2.546588926E1,-3.624486711E0,1.470000029E0,3.350000000E2,3.790092468E0,2.500000000E0
5.279138636E2,6.501410016E1,2.546587448E1,-3.649516820E0,1.480000019E0,3.337000122E2,3.790092468E0,2.500000000E0
5.289138217E2,6.501411266E1,2.546586576E1,-3.643113545E0,1.440000057E0,3.420000000E2,3.790092468E0,2.500000000E0
5.299142062E2,6.501412464E1,2.546585303E1,-4.001456454E0,1.470000029E0,3.367000122E2,3.790092468E0,2.500000000E0
5.309134439E2,6.501413760E1,2.546583945E1,-3.758176264E0,1.409999967E0,3.352999878E2,3.790092468E0,2.500000000E0
5.319129695E2,6.501414909E1,2.546583057E1,-3.525454255E0,1.350000024E0,3.367999878E2,3.790092468E0,2.500000000E0
5.329149448E2,6.501416196E1,2.546581878E1,-3.282906325E0,1.480000019E0,3.383999939E2,3.790092468E0,2.500000000E0
5.339141594E2,6.501417488E1,2.546580615E1,-2.917494705E0,1.480000019E0,3.340000000E2,3.790092468E0,2.500000000E0
5.349166338E2,6.501418480E1,2.546579396E1,-2.884784540E0,1.429999948E0,3.246000061E2,3.790092468E0,2.500000000E0
5.359137159E2,6.501419475E1,2.546577724E1,-2.952904792E0,1.440000057E0,3.231000061E2,3.790092468E0,2.500000000E0
5.369137059E2,6.501420541E1,2.546575923E1,-2.947844257E0,1.460000038E0,3.237999878E2,3.790092468E0,2.500000000E0
5.379160964E2,6.501421539E1,2.546573913E1,-2.635654707E0,1.409999967E0,3.216000061E2,3.790092468E0,2.500000000E0
5.389170960E2,6.501422373E1,2.546571955E1,-2.419350721E0,1.330000043E0,3.133999939E2,3.790092468E0,2.500000000E0
5.399219942E2,6.501423169E1,2.546569650E1,-2.715070766E0,1.409999967E0,3.042999878E2,3.790092468E0,2.500000000E0
5.409127516E2,6.501423796E1,2.546566986E1,-2.959398821E0,1.500000000E0,2.991000061E2,3.790092468E0,2.500000000E0
5.419116635E2,6.501424331E1,2.546564454E1,-2.975515979E0,1.480000019E0,2.987000122E2,3.790092468E0,2.500000000E0
5.429140547E2,6.501425175E1,2.546562226E1,-3.085994454E0,1.480000019E0,3.072000122E2,3.790092468E0,2.500000000E0
5.439141012E2,6.501425815E1,2.546559981E1,-2.965087882E0,1.399999976E0,3.033999939E2,3.790092468E0,2.500000000E0
5.449142460E2,6.501426451E1,2.546557481E1,-2.780949057E0,1.419999957E0,3.020000000E2,3.790092468E0,2.500000000E0
5.459130623E2,6.501427066E1,2.546554943E1,-2.829781371E0,1.419999957E0,2.985000000E2,3.790092468E0,2.500000000E0
5.469134941E2,6.501427800E1,2.546552657E1,-3.066907416E0,1.399999976E0,3.045000000E2,3.790092468E0,2.500000000E0
5.479160165E2,6.501428555E1,2.546549959E1,-3.009050930E0,1.450000048E0,3.017999878E2,3.790092468E0,2.500000000E0
5.489161962E2,6.501429237E1,2.546547261E1,-3.092429516E0,1.490000010E0,2.998999939E2,3.790092468E0,2.500000000E0
5.499133891E2,6.501430171E1,2.546544871E1,-3.155301033E0,1.320000052E0,3.053999939E2,3.790092468E0,2.500000000E0
5.509129823E2,6.501430953E1,2.546541949E1,-3.437898914E0,1.379999995E0,2.997000122E2,3.790092468E0,2.500000000E0
5.519140448E2,6.501431710E1,2.546538921E1,-3.547340038E0,1.429999948E0,3.020000000E2,3.790092468E0,2.500000000E0
5.529149345E2,6.501432502E1,2.546536208E1,-3.489178531E0,1.519999981E0,3.017999878E2,3.790092468E0,2.500000000E0
5.539137680E2,6.501433255E1,2.546533671E1,-3.470262352E0,1.460000038E0,3.021000061E2,3.790092468E0,2.500000000E0
5.549148029E2,6.501433882E1,2.546531214E1,-3.561208914E0,1.409999967E0,3.025000000E2,3.790092468E0,2.500000000E0
5.559139233E2,6.501434641E1,2.546529101E1,-3.580195285E0,1.330000043E0,3.038999939E2,3.790092468E0,2.500000000E0
5.569130187E2,6.501435306E1,2.546526737E1,-3.645934406E0,1.389999986E0,3.032999878E2,3.790092468E0,2.500000000E0
5.579140434E2,6.501436065E1,2.546524552E1,-3.816043877E0,1.419999957E0,3.085000000E2,3.790092468E0,2.500000000E0
5.589142490E2,6.501436818E1,2.546521937E1,-3.920357736E0,1.549999952E0,3.027000122E2,3.790092468E0,2.500000000E0
5.599137530E2,6.501437498E1,2.546519163E1,-3.972181197E0,1.580000043E0,3.002999878E2,3.790092468E0,2.500000000E0
5.609117791E2,6.501438167E1,2.546516716E1,-4.002153793E0,1.419999957E0,3.012999878E2,3.790092468E0,2.500000000E0
5.619112234E2,6.501438875E1,2.546514297E1,-3.851950738E0,1.419999957E0,3.025000000E2,3.790092468E0,2.500000000E0
5.629161055E2,6.501439728E1,2.546511748E1,-3.714077435E0,1.419999957E0,3.031000061E2,3.790092468E0,2.500000000E0
5.639148787E2,6.501440613E1,2.546508948E1,-3.289766448E0,1.389999986E0,3.035000000E2,3.790092468E0,2.500000000E0
5.649157184E2,6.501441469E1,2.546506332E1,-3.142982073E0,1.379999995E0,3.047000122E2,3.790092468E0,2.500000000E0
5.659131243E2,6.501442383E1,2.546503751E1,-2.908063130E0,1.399999976E0,3.086000061E2,3.790092468E0,2.500000000E0
5.669168514E2,6.501443228E1,2.546501128E1,-2.682177156E0,1.360000014E0,3.080000000E2,3.790092468E0,2.500000000E0
5.679170540E2,6.501443975E1,2.546498168E1,-2.853263707E0,1.340000033E0,3.035000000E2,3.790092468E0,2.500000000E0
5.689151650E2,6.501444624E1,2.546495364E1,-3.005245764E0,1.360000014E0,3.002999878E2,3.790092468E0,2.500000000E0
5.699131335E2,6.501445432E1,2.546492401E1,-3.131776887E0,1.470000029E0,3.038999939E2,3.790092468E0,2.500000000E0
5.709130255E2,6.501446285E1,2.546489209E1,-2.905525146E0,1.389999986E0,3.037999878E2,3.790092468E0,2.500000000E0
5.719164374E2,6.501447161E1,2.546486113E1,-2.800855456E0,1.399999976E0,3.060000000E2,3.790092468E0,2.500000000E0
5.729153185E2,6.501447903E1,2.546483131E1,-2.317828235E0,1.370000005E0,3.061000061E2,3.790092468E0,2.500000000E0
5.739137737E2,6.501448666E1,2.546480208E1,-2.657188748E0,1.440000057E0,3.060000000E2,3.790092468E0,2.500000000E0
5.749133192E2,6.501449173E1,2.546477118E1,-2.831387266E0,1.500000000E0,2.967000122E2,3.790092468E0,2.500000000E0
5.759132654E2,6.501449678E1,2.546474359E1,-2.401886807E0,1.440000057E0,2.972000122E2,3.790092468E0,2.500000000E0
5.769151156E2,6.501450359E1,2.546471915E1,-2.465306718E0,1.450000048E0,3.068999939E2,3.790092468E0,2.500000000E0
5.779149397E2,6.501451212E1,2.546469602E1,-2.208048485E0,1.460000038E0,3.132999878E2,3.790092468E0,2.500000000E0
5.789143305E2,6.501452089E1,2.546467559E1,-2.170577746E0,1.409999967E0,3.177999878E2,3.790092468E0,2.500000000E0
5.799207810E2,6.501452977E1,2.546465568E1,-2.216847246E0,1.409999967E0,3.220000000E2,3.790092468E0,2.500000000E0
5.809120232E2,6.501453972E1,2.546463845E1,-2.459406026E0,1.389999986E0,3.257999878E2,3.790092468E0,2.500000000E0
5.819127027E2,6.501454946E1,2.546462200E1,-2.472899728E0,1.379999995E0,3.267000122E2,3.790092468E0,2.500000000E0
5.829161458E2,6.501456028E1,2.546460396E1,-2.587895425E0,1.389999986E0,3.248999939E2,3.790092468E0,2.500000000E0
5.839132489E2,6.501457252E1,2.546458914E1,-2.763682450E0,1.419999957E0,3.341000061E2,3.790092468E0,2.500000000E0
5.849139640E2,6.501458538E1,2.546457714E1,-2.603898221E0,1.470000029E0,3.407999878E2,3.790092468E0,2.500000000E0
5.859168546E2,6.501459661E1,2.546456411E1,-2.909811682E0,1.460000038E0,3.401000061E2,3.790092468E0,2.500000000E0
5.869145276E2,6.501460908E1,2.546456068E1,-2.916469553E0,1.360000014E0,3.528999939E2,3.790092468E0,2.500000000E0
5.879143497E2,6.501462075E1,2.546455635E1,-3.054169663E0,1.279999971E0,3.531000061E2,3.790092468E0,2.500000000E0
5.889132950E2,6.501463379E1,2.546455776E1,-3.079443125E0,1.340000033E0,3.599999905E0,3.790092468E0,2.500000000E0
5.899130633E2,6.501464752E1,2.546455765E1,-3.117778487E0,1.419999957E0,4.400000095E0,3.790092468E0,2.500000000E0
5.909150553E2,6.501466107E1,2.546455620E1,-3.133530868E0,1.460000038E0,2.400000095E0,3.790092468E0,2.500000000E0
5.919135288E2,6.501467412E1,2.546455247E1,-3.250113301E0,1.460000038E0,3.575000000E2,3.790092468E0,2.500000000E0
5.929150717E2,6.501468717E1,2.546454714E1,-3.332882373E0,1.519999981E0,3.531000061E2,3.790092468E0,2.500000000E0
5.939146474E2,6.501469985E1,2.546454105E1,-3.469057120E0,1.450000048E0,3.492000122E2,3.790092468E0,2.500000000E0
5.949140244E2,6.501471246E1,2.546453318E1,-3.783576696E0,1.490000010E0,3.486000061E2,3.790092468E0,2.500000000E0
5.959204293E2,6.501472441E1,2.546452017E1,-3.722425004E0,1.549999952E0,3.358999939E2,3.790092468E0,2.500000000E0
5.969148288E2,6.501473512E1,2.546450038E1,-3.678912489E0,1.470000029E0,3.261000061E2,3.790092468E0,2.500000000E0
5.979187393E2,6.501474522E1,2.546447626E1,-3.692712065E0,1.539999962E0,3.165000000E2,3.790092468E0,2.500000000E0
5.989147836E2,6.501475447E1,2.546445233E1,-3.611967845E0,1.500000000E0,3.127999878E2,3.790092468E0,2.500000000E0
5.999142552E2,6.501476314E1,2.546442752E1,-3.293369461E0,1.490000010E0,3.078999939E2,3.790092468E0,2.500000000E0
6.009109794E2,6.501477180E1,2.546440478E1,-3.298379323E0,1.470000029E0,3.082000122E2,3.790092468E0,2.500000000E0
6.019128463E2,6.501477982E1,2.546438028E1,-3.259382719E0,1.429999948E0,3.045000000E2,3.790092468E0,2.500000000E0
6.029152593E2,6.501478710E1,2.546435463E1,-3.327868824E0,1.389999986E0,3.025000000E2,3.790092468E0,2.500000000E0
6.039144309E2,6.501479511E1,2.546432985E1,-3.308525558E0,1.419999957E0,3.077000122E2,3.790092468E0,2.500000000E0
6.049137114E2,6.501480268E1,2.546430577E1,-3.757443790E0,1.350000024E0,3.070000000E2,3.790092468E0,2.500000000E0
6.059131132E2,6.501480999E1,2.546428257E1,-3.856996625E0,1.330000043E0,3.032999878E2,3.790092468E0,2.500000000E0
6.069137044E2,6.501481776E1,2.546425573E1,-3.661811132E0,1.450000048E0,3.045000000E2,3.790092468E0,2.500000000E0
6.079156425E2,6.501482532E1,2.546422872E1,-3.225292562E0,1.399999976E0,3.047999878E2,3.790092468E0,2.500000000E0
6.089167226E2,6.501483223E1,2.546419869E1,-3.404313514E0,1.429999948E0,3.008999939E2,3.790092468E0,2.500000000E0
6.099153621E2,6.501483933E1,2.546416953E1,-3.116476565E0,1.419999957E0,3.030000000E2,3.790092468E0,2.500000000E0
6.109138797E2,6.501484521E1,2.546414294E1,-2.818446090E0,1.409999967E0,3.032000122E2,3.790092468E0,2.500000000E0
6.119135979E2,6.501485227E1,2.546411432E1,-2.880157427E0,1.419999957E0,3.003999939E2,3.790092468E0,2.500000000E0
6.129151287E2,6.501485754E1,2.546408644E1,-2.857456401E0,1.360000014E0,2.947000122E2,3.790092468E0,2.500000000E0
6.139141942E2,6.501486435E1,2.546406074E1,-2.711647900E0,1.350000024E0,3.012999878E2,3.790092468E0,2.500000000E0
6.149150080E2,6.501487081E1,2.546403508E1,-2.794232815E0,1.360000014E0,3.028999939E2,3.790092468E0,2.500000000E0
6.159147696E2,6.501487708E1,2.546400920E1,-2.665269823E0,1.350000024E0,3.026000061E2,3.790092468E0,2.500000000E0
6.169139195E2,6.501488327E1,2.546398190E1,-2.733084247E0,1.389999986E0,3.008999939E2,3.790092468E0,2.500000000E0
6.179156405E2,6.501488922E1,2.546395435E1,-2.744807288E0,1.440000057E0,3.006000061E2,3.790092468E0,2.500000000E0
6.189147878E2,6.501489643E1,2.546392825E1,-2.950561471E0,1.429999948E0,3.037999878E2,3.790092468E0,2.500000000E0
6.199147958E2,6.501490293E1,2.546390265E1,-2.874027747E0,1.429999948E0,3.027999878E2,3.790092468E0,2.500000000E0
6.209123517E2,6.501491023E1,2.546387970E1,-2.845406736E0,1.399999976E0,3.053999939E2,3.790092468E0,2.500000000E0
6.219129200E2,6.501491743E1,2.546385736E1,-2.481275388E0,1.360000014E0,3.051000061E2,3.790092468E0,2.500000000E0
6.229149456E2,6.501492341E1,2.546383346E1,-2.591264779E0,1.409999967E0,3.026000061E2,3.790092468E0,2.500000000E0
6.239141906E2,6.501493033E1,2.546381119E1,-2.523336932E0,1.340000033E0,3.051000061E2,3.790092468E0,2.500000000E0
6.249125567E2,6.501493621E1,2.546378489E1,-2.837366987E0,1.470000029E0,2.976000061E2,3.790092468E0,2.500000000E0
6.259141015E2,6.501494220E1,2.546375916E1,-2.958892159E0,1.440000057E0,2.983999939E2,3.790092468E0,2.518584490E0
6.269149193E2,6.501494893E1,2.546373475E1,-2.915134318E0,1.440000057E0,3.002999878E2,3.790092468E0,2.505729914E0
6.279144530E2,6.501495570E1,2.546371116E1,-2.948402800E0,1.440000057E0,3.022000122E2,3.790092468E0,2.525387049E0
6.289164367E2,6.501496252E1,2.546368627E1,-2.684002939E0,1.490000010E0,3.031000061E2,3.790092468E0,2.542697430E0
6.299141243E2,6.501496896E1,2.546366288E1,-2.559861612E0,1.360000014E0,3.038999939E2,3.790092468E0,2.543271780E0
6.309133836E2,6.501497532E1,2.546364129E1,-2.345082916E0,1.379999995E0,3.060000000E2,3.790092468E0,2.580949545E0
6.319142059E2,6.501498210E1,2.546361598E1,-2.498163540E0,1.429999948E0,3.036000061E2,3.790092468E0,2.584498405E0
6.329147540E2,6.501498880E1,2.546358987E1,-2.350279836E0,1.440000057E0,3.031000061E2,3.790092468E0,2.553556442E0
6.339155089E2,6.501499481E1,2.546356385E1,-2.538638536E0,1.389999986E0,3.037000122E2,3.790092468E0,2.749003887E0
6.349132422E2,6.501499878E1,2.546353723E1,-2.710517002E0,1.350000024E0,2.988999939E2,3.790092468E0,2.831641197E0
6.359160218E2,6.501500449E1,2.546351068E1,-2.897532851E0,1.389999986E0,3.036000061E2,3.790092468E0,3.152750969E0
6.369173077E2,6.501501204E1,2.546348228E1,-3.076859115E0,1.460000038E0,3.017999878E2,3.790092468E0,3.039140940E0
6.379161476E2,6.501501883E1,2.546345614E1,-3.586079942E0,1.429999948E0,3.047999878E2,3.790092468E0,3.061731339E0
6.389134084E2,6.501502468E1,2.546342890E1,-3.473657420E0,1.419999957E0,3.020000000E2,3.790092468E0,3.048632622E0
6.399138167E2,6.501503125E1,2.546340324E1,-3.516081252E0,1.409999967E0,3.042000122E2,3.790092468E0,3.092747211E0
6.409126809E2,6.501503814E1,2.546337833E1,-3.297274685E0,1.440000057E0,3.047000122E2,3.790092468E0,3.081583738E0
6.419128939E2,6.501504516E1,2.546335308E1,-3.340309013E0,1.419999957E0,3.035000000E2,3.790092468E0,3.073712349E0
6.429150240E2,6.501505111E1,2.546332590E1,-3.419597952E0,1.470000029E0,3.006000061E2,3.790092468E0,2.970675707E0
6.439131340E2,6.501505798E1,2.546330053E1,-3.390854888E0,1.460000038E0,3.036000061E2,3.790092468E0,2.976861477E0
6.449132933E2,6.501506432E1,2.546327535E1,-3.275441684E0,1.470000029E0,3.025000000E2,3.790092468E0,2.958589554E0
6.459136745E2,6.501507120E1,2.546324951E1,-3.297296803E0,1.490000010E0,3.027999878E2,3.790092468E0,2.939949751E0
6.469143557E2,6.501507752E1,2.546322372E1,-3.240294281E0,1.490000010E0,3.010000000E2,3.790092468E0,2.884331942E0
6.479140651E2,6.501508313E1,2.546319699E1,-3.285098194E0,1.490000010E0,2.977999878E2,3.790092468E0,2.881429434E0
6.489153256E2,6.501508868E1,2.546317118E1,-3.551337565E0,1.419999957E0,2.981000061E2,3.790092468E0,2.938240528E0
6.499133823E2,6.501509480E1,2.546314022E1,-3.507702043E0,1.500000000E0,2.912999878E2,3.790092468E0,2.885515928E0
6.509209323E2,6.501510005E1,2.546311327E1,-3.567703588E0,1.429999948E0,2.920000000E2,3.790092468E0,2.987265825E0
6.519138139E2,6.501510591E1,2.546308393E1,-4.023396462E0,1.429999948E0,2.907000122E2,3.790092468E0,3.326335192E0
6.529165900E2,6.501510785E1,2.546305524E1,-3.783592171E0,1.450000048E0,2.798999939E2,3.790092468E0,3.722139120E0
6.539168505E2,6.501510639E1,2.546302401E1,-4.517236462E0,1.440000057E0,2.757999878E2,3.790092468E0,4.218859673E0
6.549169400E2,6.501510186E1,2.546299368E1,-5.012232043E0,1.429999948E0,2.720000000E2,3.875700712E0,4.582454681E0
6.559132478E2,6.501509564E1,2.546296408E1,-5.913568472E0,1.409999967E0,2.707999878E2,3.987688780E0,4.857546806E0
6.569131628E2,6.501508724E1,2.546293616E1,-6.316033087E0,1.429999948E0,2.587000122E2,4.109519958E0,5.135543823E0
6.579163206E2,6.501507794E1,2.546291052E1,-6.367331418E0,1.419999957E0,2.520000000E2,4.268411636E0,5.486096382E0
6.589161911E2,6.501506672E1,2.546288461E1,-6.878925659E0,1.399999976E0,2.561000061E2,4.236459732E0,5.608949661E0
6.599158161E2,6.501505856E1,2.546285821E1,-6.867266720E0,1.409999967E0,2.627000122E2,4.280402660E0,5.685368538E0
6.609119930E2,6.501505060E1,2.546283184E1,-6.936418403E0,1.389999986E0,2.675000000E2,4.320741177E0,5.731182098E0
6.619120826E2,6.501504561E1,2.546280370E1,-7.058336252E0,1.389999986E0,2.730000000E2,4.272092342E0,5.714296818E0
6.629167656E2,6.501504275E1,2.546277575E1,-7.075976344E0,1.360000014E0,2.816000061E2,4.230269432E0,5.779821873E0
6.639168957E2,6.501504313E1,2.546274599E1,-6.206014058E0,1.389999986E0,2.802999878E2,4.367177010E0,5.796251774E0
6.649179697E2,6.501504371E1,2.546271814E1,-5.527671583E0,1.389999986E0,2.975000000E2,4.136348724E0,5.545139313E0
6.659133620E2,6.501504527E1,2.546268982E1,-5.423426200E0,1.360000014E0,2.980000000E2,4.022573471E0,5.141380310E0
6.669168978E2,6.501504752E1,2.546266437E1,-5.594113736E0,1.340000033E0,2.990000000E2,3.932538509E0,4.834762573E0
6.679147884E2,6.501505147E1,2.546263821E1,-5.291047097E0,1.429999948E0,3.003999939E2,3.828120708E0,4.489556789E0
6.689157494E2,6.501505781E1,2.546261065E1,-4.616491003E0,1.419999957E0,3.027000122E2,3.790092468E0,4.194485188E0
6.699129425E2,6.501506532E1,2.546258293E1,-4.740458322E0,1.470000029E0,3.021000061E2,3.790092468E0,4.098872662E0
6.709159839E2,6.501507337E1,2.546255698E1,-5.042221131E0,1.450000048E0,3.036000061E2,3.790092468E0,4.049304485E0
6.719138175E2,6.501508198E1,2.546253114E1,-5.096059344E0,1.429999948E0,3.036000061E2,3.790092468E0,3.896192551E0
6.729152544E2,6.501508928E1,2.546250523E1,-5.160211998E0,1.500000000E0,3.007999878E2,3.790092468E0,3.718162537E0
6.739146791E2,6.501509632E1,2.546248090E1,-4.791991391E0,1.440000057E0,3.026000061E2,3.790092468E0,3.415435553E0
6.749142483E2,6.501510341E1,2.546245494E1,-4.493595140E0,1.470000029E0,3.006000061E2,3.790092468E0,3.162031174E0
6.759127468E2,6.501511079E1,2.546243127E1,-3.868050397E0,1.440000057E0,3.035000000E2,3.790092468E0,2.973672628E0
6.769153064E2,6.501511666E1,2.546240766E1,-3.962903016E0,1.409999967E0,3.017999878E2,3.790092468E0,2.872684002E0
6.779141745E2,6.501512283E1,2.546238380E1,-4.003434481E0,1.460000038E0,3.028999939E2,3.790092468E0,2.818616867E0
6.789140621E2,6.501512909E1,2.546236041E1,-3.930684696E0,1.460000038E0,3.033999939E2,3.790092468E0,2.840605259E0
6.799134974E2,6.501513411E1,2.546233513E1,-3.635278321E0,1.440000057E0,3.027999878E2,3.790092468E0,2.758547783E0
6.809131814E2,6.501513880E1,2.546231057E1,-3.793240906E0,1.409999967E0,3.001000061E2,3.790092468E0,2.549106359E0
6.819134956E2,6.501514578E1,2.546228467E1,-3.689607794E0,1.500000000E0,3.045000000E2,3.790092468E0,2.500000000E0
6.829160951E2,6.501515221E1,2.546225993E1,-3.656408956E0,1.529999971E0,3.043999939E2,3.790092468E0,2.500000000E0
6.839144153E2,6.501515894E1,2.546223572E1,-3.372538808E0,1.450000048E0,3.032999878E2,3.790092468E0,2.500000000E0
6.849130925E2,6.501516612E1,2.546220987E1,-3.189682138E0,1.529999971E0,3.028999939E2,3.790092468E0,2.500000000E0
6.859138929E2,6.501517433E1,2.546218459E1,-3.015920062E0,1.490000010E0,3.055000000E2,3.790092468E0,2.500000000E0
6.869154901E2,6.501518227E1,2.546216080E1,-2.845880919E0,1.480000019E0,3.066000061E2,3.790092468E0,2.500000000E0
6.879146124E2,6.501519022E1,2.546213715E1,-2.581908664E0,1.470000029E0,3.052999878E2,3.790092468E0,2.500000000E0
6.889143965E2,6.501519844E1,2.546211259E1,-2.415836970E0,1.500000000E0,3.052000122E2,3.790092468E0,2.500000000E0
6.899134783E2,6.501520567E1,2.546208772E1,-2.418038843E0,1.460000038E0,3.027999878E2,3.790092468E0,2.500000000E0
6.909147994E2,6.501521207E1,2.546206309E1,-2.191053366E0,1.389999986E0,3.026000061E2,3.790092468E0,2.500000000E0
6.919157909E2,6.501521764E1,2.546203974E1,-1.794572847E0,1.360000014E0,3.017000122E2,3.790092468E0,2.500000000E0
6.929167554E2,6.501522300E1,2.546201480E1,-1.793050859E0,1.370000005E0,2.963999939E2,3.790092468E0,2.500000000E0
6.939131550E2,6.501522814E1,2.546198695E1,-1.659326850E0,1.460000038E0,2.922000122E2,3.790092468E0,2.500000000E0
6.949134203E2,6.501523618E1,2.546196361E1,-1.712004999E0,1.370000005E0,3.077000122E2,3.790092468E0,2.500000000E0
6.959154488E2,6.501524497E1,2.546193989E1,-1.572239619E0,1.389999986E0,3.062000122E2,3.790092468E0,2.500000000E0
6.969154330E2,6.501525109E1,2.546191460E1,-1.356545588E0,1.409999967E0,2.956000061E2,3.790092468E0,2.500000000E0
6.979155643E2,6.501526027E1,2.546188787E1,-2.207259095E0,1.399999976E0,3.067999878E2,3.790092468E0,2.500000000E0
6.989139222E2,6.501526739E1,2.546186467E1,-2.425220083E0,1.370000005E0,3.022999878E2,3.790092468E0,2.500000000E0
6.999131615E2,6.501527600E1,2.546184012E1,-1.927056258E0,1.379999995E0,3.090000000E2,3.790092468E0,2.500000000E0
7.009137580E2,6.501528569E1,2.546181605E1,-2.143919671E0,1.389999986E0,3.097000122E2,3.790092468E0,2.500000000E0
7.019133308E2,6.501529561E1,2.546179307E1,-2.420902723E0,1.350000024E0,3.072999878E2,3.790092468E0,2.500000000E0
7.029167689E2,6.501530296E1,2.546177025E1,-2.447701664E0,1.360000014E0,3.045000000E2,3.790092468E0,2.500000000E0
7.039136926E2,6.501531084E1,2.546174774E1,-2.315199031E0,1.360000014E0,3.062999878E2,3.790092468E0,2.500000000E0
7.049155436E2,6.501531841E1,2.546172644E1,-2.188372458E0,1.370000005E0,3.071000061E2,3.790092468E0,2.500000000E0
7.059166261E2,6.501532434E1,2.546170398E1,-1.871115650E0,1.330000043E0,3.030000000E2,3.790092468E0,2.500000000E0
7.069144944E2,6.501532767E1,2.546167643E1,-1.746546196E0,1.289999962E0,2.982000122E2,3.790092468E0,2.500000000E0
7.079135833E2,6.501533319E1,2.546165101E1,-1.370695695E0,1.299999952E0,3.042999878E2,3.790092468E0,2.500000000E0
7.089147639E2,6.501534099E1,2.546162785E1,-1.844699427E0,1.389999986E0,3.107999878E2,3.790092468E0,2.500000000E0
7.099149488E2,6.501534975E1,2.546160606E1,-1.949806946E0,1.370000005E0,3.068999939E2,3.790092468E0,2.500000000E0
7.109157417E2,6.501535695E1,2.546158710E1,-1.542096272E0,1.299999952E0,3.086000061E2,3.790092468E0,2.500000000E0
7.119169630E2,6.501536504E1,2.546156555E1,-1.440355371E0,1.330000043E0,3.066000061E2,3.790092468E0,2.500000000E0
7.129138596E2,6.501537481E1,2.546154427E1,-1.389091173E0,1.330000043E0,3.108999939E2,3.790092468E0,2.500000000E0
7.139173469E2,6.501538540E1,2.546152547E1,-1.175168421E0,1.360000014E0,3.232999878E2,3.790092468E0,2.500000000E0
7.149158213E2,6.501539505E1,2.546150962E1,-1.209108859E0,1.309999943E0,3.268999939E2,3.790092468E0,2.500000000E0
7.159264584E2,6.501540491E1,2.546149122E1,-1.183845464E0,1.269999981E0,3.210000000E2,3.790092468E0,2.500000000E0
7.169152354E2,6.501541650E1,2.546147649E1,-9.622934071E-1,1.379999995E0,3.268999939E2,3.790092468E0,2.500000000E0
7.179157835E2,6.501542882E1,2.546146369E1,-7.939641481E-1,1.409999967E0,3.281000061E2,3.790092468E0,2.500000000E0
7.189152770E2,6.501544072E1,2.546145370E1,-9.792722166E-1,1.370000005E0,3.283999939E2,3.790092468E0,2.500000000E0
7.199133261E2,6.501545258E1,2.546144433E1,-7.278736815E-1,1.350000024E0,3.305000000E2,3.790092468E0,2.500000000E0
7.209125236E2,6.501546395E1,2.546143345E1,-7.151225285E-1,1.350000024E0,3.325000000E2,3.790092468E0,2.500000000E0
7.219131448E2,6.501547606E1,2.546142035E1,-6.207678205E-1,1.370000005E0,3.335000000E2,3.790092468E0,2.500000000E0
7.229126542E2,6.501548858E1,2.546140843E1,-5.437471694E-1,1.370000005E0,3.298999939E2,3.790092468E0,2.500000000E0
7.239154447E2,6.501549934E1,2.546139228E1,-5.807398192E-1,1.370000005E0,3.247999878E2,3.790092468E0,2.500000000E0
7.249139346E2,6.501551057E1,2.546137761E1,-7.396197498E-1,1.440000057E0,3.288999939E2,3.790092468E0,2.500000000E0
7.259146289E2,6.501552170E1,2.546136532E1,-7.843026904E-1,1.419999957E0,3.320000000E2,3.790092468E0,2.500000000E0
7.269207574E2,6.501553129E1,2.546134996E1,-9.683895570E-1,1.340000033E0,3.261000061E2,3.790092468E0,2.500000000E0
7.279160230E2,6.501554069E1,2.546133411E1,-9.262190621E-1,1.350000024E0,3.237999878E2,3.790092468E0,2.500000000E0
7.289148408E2,6.501554964E1,2.546131891E1,-1.294570807E0,1.409999967E0,3.257000122E2,3.790092468E0,2.500000000E0
7.299163769E2,6.501555989E1,2.546130748E1,-9.579667235E-1,1.370000005E0,3.322999878E2,3.790092468E0,2.500000000E0
7.309142415E2,6.501557045E1,2.546129273E1,-9.349006014E-1,1.360000014E0,3.301000061E2,3.790092468E0,2.500000000E0
7.319150074E2,6.501558030E1,2.546127456E1,-6.810605297E-1,1.379999995E0,3.227999878E2,3.790092468E0,2.500000000E0
7.329146139E2,6.501559096E1,2.546126201E1,-5.897569810E-1,1.419999957E0,3.312999878E2,3.790092468E0,2.500000000E0
7.339149644E2,6.501560078E1,2.546124581E1,-4.221594297E-1,1.370000005E0,3.262000122E2,3.790092468E0,2.500000000E0
7.349137357E2,6.501560975E1,2.546122840E1,-2.066490407E-1,1.309999943E0,3.223999939E2,3.790092468E0,2.500000000E0
7.359144827E2,6.501562022E1,2.546121077E1,2.399747014E-2,1.320000052E0,3.272999878E2,3.790092468E0,2.500000000E0
7.369143197E2,6.501563042E1,2.546119558E1,-3.905690785E-2,1.340000033E0,3.297999878E2,3.790092468E0,2.500000000E0
7.379133188E2,6.501564077E1,2.546117844E1,-8.294644809E-2,1.330000043E0,3.273999939E2,3.790092468E0,2.500000000E0
7.389166521E2,6.501565065E1,2.546116099E1,-1.926317279E-1,1.330000043E0,3.260000000E2,3.790092468E0,2.500000000E0
7.399144522E2,6.501566121E1,2.546114556E1,-1.048683925E-1,1.379999995E0,3.280000000E2,3.790092468E0,2.500000000E0
7.409121106E2,6.501567222E1,2.546113032E1,-1.763459404E-1,1.379999995E0,3.306000061E2,3.790092468E0,2.500000000E0
7.419137657E2,6.501568240E1,2.546111287E1,-9.425887627E-2,1.360000014E0,3.242999878E2,3.790092468E0,2.500000000E0
7.429155103E2,6.501569296E1,2.546109772E1,-2.120499392E-2,1.379999995E0,3.306000061E2,3.790092468E0,2.500000000E0
7.439152267E2,6.501570289E1,2.546108133E1,2.450529109E-2,1.350000024E0,3.276000061E2,3.790092468E0,2.500000000E0
7.449131947E2,6.501571227E1,2.546106247E1,-8.359298625E-2,1.350000024E0,3.232999878E2,3.790092468E0,2.500000000E0
7.459152936E2,6.501572284E1,2.546104636E1,3.049515436E-1,1.370000005E0,3.288999939E2,3.790092468E0,2.500000000E0
7.469156978E2,6.501573392E1,2.546103193E1,3.838646513E-1,1.399999976E0,3.303999939E2,3.790092468E0,2.500000000E0
7.479167784E2,6.501574485E1,2.546101663E1,2.909027530E-1,1.399999976E0,3.281000061E2,3.790092468E0,2.500000000E0
7.489131757E2,6.501575545E1,2.546100266E1,2.423746736E-1,1.299999952E0,3.287000122E2,3.790092468E0,2.500000000E0
7.499150090E2,6.501576502E1,2.546098941E1,2.356561277E-1,1.259999990E0,3.290000000E2,3.790092468E0,2.500000000E0
7.509151286E2,6.501577555E1,2.546097365E1,2.784365372E-1,1.389999986E0,3.271000061E2,3.790092468E0,2.500000000E0
7.519131777E2,6.501578581E1,2.546095870E1,4.479871300E-1,1.320000052E0,3.270000000E2,3.790092468E0,2.500000000E0
7.529160283E2,6.501579553E1,2.546094307E1,4.141077059E-1,1.309999943E0,3.255000000E2,3.790092468E0,2.500000000E0
7.539174421E2,6.501580598E1,2.546092707E1,5.091342217E-1,1.350000024E0,3.263999939E2,3.790092468E0,2.500000000E0
7.549155597E2,6.501581630E1,2.546091167E1,3.504987223E-1,1.370000005E0,3.291000061E2,3.790092468E0,2.500000000E0
7.559136559E2,6.501582585E1,2.546089665E1,3.266291737E-1,1.340000033E0,3.276000061E2,3.790092468E0,2.500000000E0
7.569152943E2,6.501583602E1,2.546088092E1,2.213994693E-1,1.370000005E0,3.278999939E2,3.790092468E0,2.500000000E0
7.579153801E2,6.501584638E1,2.546086403E1,2.517286878E-1,1.389999986E0,3.270000000E2,3.790092468E0,2.500000000E0
7.589155351E2,6.501585682E1,2.546084964E1,2.608788595E-1,1.350000024E0,3.287999878E2,3.790092468E0,2.500000000E0
7.599133799E2,6.501586702E1,2.546083322E1,5.015353224E-1,1.330000043E0,3.265000000E2,3.790092468E0,2.500000000E0
7.609136328E2,6.501587631E1,2.546081598E1,2.965133663E-1,1.370000005E0,3.237000122E2,3.790092468E0,2.500000000E0
7.619137968E2,6.501588689E1,2.546079782E1,5.446768777E-1,1.350000024E0,3.242000122E2,3.790092468E0,2.500000000E0
7.629156827E2,6.501589837E1,2.546078378E1,2.111753040E-1,1.360000014E0,3.320000000E2,3.790092468E0,2.500000000E0
7.639161482E2,6.501590834E1,2.546076661E1,9.593580357E-2,1.289999962E0,3.233999939E2,3.790092468E0,2.500000000E0
7.649168338E2,6.501591880E1,2.546075146E1,1.113725311E-1,1.379999995E0,3.287999878E2,3.790092468E0,2.500000000E0
7.659161949E2,6.501592921E1,2.546073711E1,-1.955296802E-2,1.370000005E0,3.293999939E2,3.790092468E0,2.500000000E0
7.669134266E2,6.501593939E1,2.546071935E1,-7.784679328E-2,1.389999986E0,3.230000000E2,3.790092468E0,2.500000000E0
7.679136347E2,6.501594991E1,2.546070229E1,-1.219805428E-1,1.379999995E0,3.258999939E2,3.790092468E0,2.500000000E0
7.689158859E2,6.501596156E1,2.546068839E1,-2.372204550E-1,1.419999957E0,3.311000061E2,3.790092468E0,2.500000000E0
7.699156171E2,6.501597236E1,2.546067042E1,-9.684510333E-2,1.360000014E0,3.240000000E2,3.790092468E0,2.500000000E0
7.709132892E2,6.501598374E1,2.546065637E1,-5.053672514E-3,1.399999976E0,3.312000122E2,3.790092468E0,2.500000000E0
7.719131901E2,6.501599521E1,2.546064187E1,-8.867734904E-2,1.330000043E0,3.282000122E2,3.790092468E0,2.500000000E0
7.729177016E2,6.501600647E1,2.546062737E1,1.685193680E-1,1.320000052E0,3.315000000E2,3.790092468E0,2.500000000E0
7.739158885E2,6.501601796E1,2.546061050E1,-5.402050699E-2,1.500000000E0,3.283999939E2,3.790092468E0,2.500000000E0
7.749129857E2,6.501603046E1,2.546059316E1,3.844163300E-2,1.500000000E0,3.297999878E2,3.790092468E0,2.500000000E0
7.759140374E2,6.501604146E1,2.546057624E1,4.624862323E-2,1.389999986E0,3.297999878E2,3.790092468E0,2.500000000E0
7.769160353E2,6.501605322E1,2.546055970E1,-1.682346925E-1,1.480000019E0,3.266000061E2,3.790092468E0,2.500000000E0
7.779153023E2,6.501606516E1,2.546054378E1,-1.095857084E-1,1.440000057E0,3.285000000E2,3.790092468E0,2.500000000E0
7.789144763E2,6.501607693E1,2.546052608E1,-2.926930950E-2,1.500000000E0,3.242000122E2,3.790092468E0,2.500000000E0
7.799133798E2,6.501608794E1,2.546050847E1,1.684790309E-1,1.460000038E0,3.252000122E2,3.790092468E0,2.500000000E0
7.809155105E2,6.501609852E1,2.546049225E1,-1.939247697E-2,1.450000048E0,3.287000122E2,3.790092468E0,2.500000000E0
7.819135527E2,6.501610910E1,2.546047609E1,1.132926599E-1,1.470000029E0,3.277999878E2,3.790092468E0,2.500000000E0
7.829148412E2,6.501611942E1,2.546045971E1,-5.792138530E-3,1.480000019E0,3.287000122E2,3.790092468E0,2.500000000E0
7.839168338E2,6.501613019E1,2.546044735E1,-3.234751836E-2,1.340000033E0,3.335000000E2,3.790092468E0,2.500000000E0
7.849139081E2,6.501614017E1,2.546043151E1,-2.190590988E-1,1.360000014E0,3.297000122E2,3.790092468E0,2.500000000E0
7.859160424E2,6.501615046E1,2.546041354E1,-8.991402320E-2,1.379999995E0,3.278999939E2,3.790092468E0,2.500000000E0
7.869150193E2,6.501616014E1,2.546039532E1,-2.253561322E-1,1.379999995E0,3.247999878E2,3.790092468E0,2.500000000E0
7.879145425E2,6.501617137E1,2.546037777E1,-1.759843399E-1,1.450000048E0,3.287000122E2,3.790092468E0,2.500000000E0
7.889146408E2,6.501618126E1,2.546035936E1,-2.414192208E-1,1.389999986E0,3.235000000E2,3.790092468E0,2.500000000E0
7.899150824E2,6.501619197E1,2.546034181E1,-5.524598252E-1,1.470000029E0,3.262999878E2,3.790092468E0,2.500000000E0
7.909146934E2,6.501620280E1,2.546032605E1,-5.842645045E-1,1.429999948E0,3.272999878E2,3.790092468E0,2.500000000E0
7.919151990E2,6.501621354E1,2.546031097E1,-6.409104076E-1,1.450000048E0,3.282000122E2,3.790092468E0,2.500000000E0
7.929154319E2,6.501622440E1,2.546029474E1,-8.094338838E-1,1.419999957E0,3.278999939E2,3.790092468E0,2.500000000E0
7.939133588E2,6.501623532E1,2.546028020E1,-7.590851886E-1,1.350000024E0,3.295000000E2,3.790092468E0,2.500000000E0
7.949149897E2,6.501624718E1,2.546026573E1,-5.829433959E-1,1.409999967E0,3.296000061E2,3.790092468E0,2.500000000E0
7.959148521E2,6.501625850E1,2.546025085E1,-5.760519127E-1,1.429999948E0,3.292999878E2,3.790092468E0,2.500000000E0
7.969168706E2,6.501627018E1,2.546023407E1,-5.662920574E-1,1.460000038E0,3.286000061E2,3.790092468E0,2.500000000E0
7.979153638E2,6.501628132E1,2.546021747E1,-5.082531710E-1,1.480000019E0,3.292999878E2,3.790092468E0,2.500000000E0
7.989135342E2,6.501629178E1,2.546020048E1,-6.052433469E-1,1.399999976E0,3.252999878E2,3.790092468E0,2.500000000E0
7.999152935E2,6.501630362E1,2.546018750E1,-6.183104223E-1,1.409999967E0,3.302999878E2,3.790092468E0,2.500000000E0
8.009156710E2,6.501631507E1,2.546017213E1,-6.623833827E-1,1.399999976E0,3.296000061E2,3.790092468E0,2.500000000E0
8.019138274E2,6.501632634E1,2.546015490E1,-5.271961570E-1,1.440000057E0,3.277000122E2,3.790092468E0,2.500000000E0
8.029150312E2,6.501633745E1,2.546013776E1,-7.201948982E-1,1.419999957E0,3.285000000E2,3.790092468E0,2.500000000E0
8.039134374E2,6.501634863E1,2.546012509E1,-6.996313246E-1,1.350000024E0,3.318999939E2,3.790092468E0,2.500000000E0
8.049160545E2,6.501635871E1,2.546010961E1,-6.882838409E-1,1.309999943E0,3.273999939E2,3.790092468E0,2.500000000E0
8.059166158E2,6.501637006E1,2.546009094E1,-6.725425548E-1,1.399999976E0,3.267000122E2,3.790092468E0,2.500000000E0
8.069155991E2,6.501638149E1,2.546007329E1,-6.609516154E-1,1.440000057E0,3.272999878E2,3.790092468E0,2.500000000E0
8.079137611E2,6.501639275E1,2.546005771E1,-6.428296954E-1,1.450000048E0,3.288999939E2,3.790092468E0,2.500000000E0
8.089153403E2,6.501640304E1,2.546004138E1,-8.635380213E-1,1.379999995E0,3.257999878E2,3.790092468E0,2.500000000E0
8.099149274E2,6.501641405E1,2.546002459E1,-8.266172663E-1,1.429999948E0,3.272999878E2,3.790092468E0,2.500000000E0
8.109152173E2,6.501642532E1,2.546001099E1,-8.291250875E-1,1.419999957E0,3.311000061E2,3.790092468E0,2.500000000E0
8.119147128E2,6.501643682E1,2.545999661E1,-7.317185051E-1,1.480000019E0,3.308999939E2,3.790092468E0,2.500000000E0
8.129136020E2,6.501644690E1,2.545998133E1,-6.683080206E-1,1.389999986E0,3.285000000E2,3.790092468E0,2.500000000E0
8.139145629E2,6.501645779E1,2.545996695E1,-7.120755184E-1,1.379999995E0,3.282000122E2,3.790092468E0,2.500000000E0
8.149146406E2,6.501646867E1,2.545995082E1,-6.125936304E-1,1.409999967E0,3.260000000E2,3.790092468E0,2.500000000E0
8.159147560E2,6.501648028E1,2.545993553E1,-9.016007335E-1,1.460000038E0,3.306000061E2,3.790092468E0,2.500000000E0
8.169131949E2,6.501649096E1,2.545991678E1,-7.529246266E-1,1.450000048E0,3.241000061E2,3.790092468E0,2.500000000E0
8.179128123E2,6.501650078E1,2.545989843E1,-8.492432737E-1,1.389999986E0,3.215000000E2,3.790092468E0,2.500000000E0
8.189152502E2,6.501651186E1,2.545988273E1,-7.272394602E-1,1.470000029E0,3.272999878E2,3.790092468E0,2.500000000E0
8.199153100E2,6.501652283E1,2.545986669E1,-6.536365083E-1,1.409999967E0,3.277000122E2,3.790092468E0,2.500000000E0
8.209157603E2,6.501653402E1,2.545985115E1,-7.017987417E-1,1.429999948E0,3.300000000E2,3.790092468E0,2.500000000E0
8.219125694E2,6.501654461E1,2.545983715E1,-7.340304527E-1,1.370000005E0,3.298999939E2,3.790092468E0,2.500000000E0
8.229131356E2,6.501655555E1,2.545982303E1,-7.254908243E-1,1.379999995E0,3.292999878E2,3.790092468E0,2.500000000E0
8.239155907E2,6.501656544E1,2.545980774E1,-8.280348596E-1,1.279999971E0,3.273999939E2,3.790092468E0,2.500000000E0
8.249151465E2,6.501657619E1,2.545979114E1,-1.137854717E0,1.399999976E0,3.265000000E2,3.790092468E0,2.500000000E0
8.259164964E2,6.501658673E1,2.545977346E1,-1.557965100E0,1.470000029E0,3.248999939E2,3.790092468E0,2.500000000E0
8.269134108E2,6.501659834E1,2.545975785E1,-1.760851625E0,1.409999967E0,3.306000061E2,3.790092468E0,2.500000000E0
8.279136659E2,6.501660878E1,2.545974221E1,-2.155937405E0,1.399999976E0,3.282999878E2,3.790092468E0,2.500000000E0
8.289161696E2,6.501662090E1,2.545972798E1,-2.174558889E0,1.419999957E0,3.301000061E2,3.790092468E0,2.500000000E0
8.299170000E2,6.501663394E1,2.545971618E1,-2.330631722E0,1.440000057E0,3.368999939E2,3.790092468E0,2.500000000E0
8.309157436E2,6.501664699E1,2.545971145E1,-2.333200617E0,1.450000048E0,3.492000122E2,3.790092468E0,2.500000000E0
8.319287882E2,6.501665938E1,2.545971027E1,-2.434645946E0,1.360000014E0,3.556000061E2,3.790092468E0,2.500000000E0
8.329154906E2,6.501667167E1,2.545970689E1,-2.299274992E0,1.279999971E0,3.527999878E2,3.790092468E0,2.500000000E0
8.339147719E2,6.501668361E1,2.545970779E1,-2.250878683E0,1.190000057E0,0.000000000E0,3.790092468E0,2.500000000E0
8.349141360E2,6.501669324E1,2.545971297E1,-2.229641804E0,8.799999952E-1,7.599999905E0,3.790092468E0,2.500000000E0
8.359170735E2,6.501669841E1,2.545971397E1,-2.209807312E0,4.300000072E-1,6.099999905E0,3.790092468E0,2.500000000E0
